participant_id	stimulus_no	question_no	answer_option_1	answer_option_2	answer_option_3	answer_option_4	correct_option	is_correct
sub-01	1	1	1				1	1
sub-01	1	2	4				1	0
sub-01	1	3	1				1	1
sub-01	1	4	2				1	0
sub-01	1	5	1				1	1
sub-01	1	6	1				1	1
sub-01	1	7	1				1	1
sub-01	1	8	1				1	1
sub-01	1	9	1				1	1
sub-01	1	10	3				1	0
sub-01	1	11	4				1	0
sub-01	1	12	1				1	1
sub-01	2	1	1				1	1
sub-01	2	2	2				1	0
sub-01	2	3	1				1	1
sub-01	2	4	3				1	0
sub-01	2	5	1				1	1
sub-01	2	6	1				1	1
sub-01	2	7	2				1	0
sub-01	2	8	1				1	1
sub-01	2	9	1				1	1
sub-01	2	10	1				1	1
sub-01	2	11	3				1	0
sub-01	2	12	1				1	1
sub-01	3	1	1				1	1
sub-01	3	2	2	1	3		1	0
sub-01	3	3	1				1	1
sub-01	3	4	2				1	0
sub-01	3	5	4				1	0
sub-01	3	6	1				1	1
sub-01	3	7	2				1	0
sub-01	3	8	2	1	3		1	0
sub-01	3	9	1				1	1
sub-01	3	10	1				1	1
sub-01	3	11	1				1	1
sub-01	3	12	2	3	1		1	0
sub-02	1	1	1				1	1
sub-02	1	2	4				1	0
sub-02	1	3	4				1	0
sub-02	1	4	4				1	0
sub-02	1	5	4				1	0
sub-02	1	6	1				1	1
sub-02	1	7	1				1	1
sub-02	1	8	1				1	1
sub-02	1	9	4				1	0
sub-02	1	10	1				1	1
sub-02	1	11	1				1	1
sub-02	1	12	1				1	1
sub-02	2	1	1				1	1
sub-02	2	2	1				1	1
sub-02	2	3	1				1	1
sub-02	2	4	4				1	0
sub-02	2	5	4				1	0
sub-02	2	6	1				1	1
sub-02	2	7	2				1	0
sub-02	2	8	1				1	1
sub-02	2	9	1				1	1
sub-02	2	10	1				1	1
sub-02	2	11	1				1	1
sub-02	2	12	1				1	1
sub-02	3	1	1				1	1
sub-02	3	2	1	3			1	0
sub-02	3	3	1				1	1
sub-02	3	4	1				1	1
sub-02	3	5	1				1	1
sub-02	3	6	3				1	0
sub-02	3	7	1				1	1
sub-02	3	8	1	2	3		1	0
sub-02	3	9	1				1	1
sub-02	3	10	1				1	1
sub-02	3	11	1				1	1
sub-02	3	12	1	3	2		1	0
sub-03	1	1	1				1	1
sub-03	1	2	1				1	1
sub-03	1	3	1				1	1
sub-03	1	4	1				1	1
sub-03	1	5	3				1	0
sub-03	1	6	1				1	1
sub-03	1	7	1				1	1
sub-03	1	8	1				1	1
sub-03	1	9	4				1	0
sub-03	1	10	1				1	1
sub-03	1	11	3				1	0
sub-03	1	12	1				1	1
sub-03	2	1	1				1	1
sub-03	2	2	1				1	1
sub-03	2	3	1				1	1
sub-03	2	4	4				1	0
sub-03	2	5	1				1	1
sub-03	2	6	1				1	1
sub-03	2	7	1				1	1
sub-03	2	8	1				1	1
sub-03	2	9	2				1	0
sub-03	2	10	1				1	1
sub-03	2	11	1				1	1
sub-03	2	12	1				1	1
sub-03	3	1	1				1	1
sub-03	3	2	3	2	1		1	0
sub-03	3	3	1				1	1
sub-03	3	4	1				1	1
sub-03	3	5	1				1	1
sub-03	3	6	2				1	0
sub-03	3	7	1				1	1
sub-03	3	8	2	3			1	0
sub-03	3	9	1				1	1
sub-03	3	10	1				1	1
sub-03	3	11	3				1	0
sub-03	3	12	3	1			1	0
sub-04	1	1	4				1	0
sub-04	1	2	1				1	1
sub-04	1	3	1				1	1
sub-04	1	4	1				1	1
sub-04	1	5	1				1	1
sub-04	1	6	1				1	1
sub-04	1	7	1				1	1
sub-04	1	8	1				1	1
sub-04	1	9	4				1	0
sub-04	1	10	1				1	1
sub-04	1	11	1				1	1
sub-04	1	12	1				1	1
sub-04	2	1	1				1	1
sub-04	2	2	1				1	1
sub-04	2	3	1				1	1
sub-04	2	4	4				1	0
sub-04	2	5	1				1	1
sub-04	2	6	1				1	1
sub-04	2	7	1				1	1
sub-04	2	8	1				1	1
sub-04	2	9	1				1	1
sub-04	2	10	1				1	1
sub-04	2	11	2				1	0
sub-04	2	12	1				1	1
sub-04	3	1	1				1	1
sub-04	3	2	2	1	3		1	0
sub-04	3	3	3				1	0
sub-04	3	4	2				1	0
sub-04	3	5	1				1	1
sub-04	3	6	2				1	0
sub-04	3	7	2				1	0
sub-04	3	8	4	3			1	0
sub-04	3	9	4				1	0
sub-04	3	10	1				1	1
sub-04	3	11	1				1	1
sub-04	3	12	1				1	1
sub-05	1	1	2				1	0
sub-05	1	2	1				1	1
sub-05	1	3	1				1	1
sub-05	1	4	1				1	1
sub-05	1	5	4				1	0
sub-05	1	6	4				1	0
sub-05	1	7	1				1	1
sub-05	1	8	1				1	1
sub-05	1	9	1				1	1
sub-05	1	10	1				1	1
sub-05	1	11	4				1	0
sub-05	1	12	4				1	0
sub-05	2	1	1				1	1
sub-05	2	2	2				1	0
sub-05	2	3	4				1	0
sub-05	2	4	4				1	0
sub-05	2	5	4				1	0
sub-05	2	6	1				1	1
sub-05	2	7	2				1	0
sub-05	2	8	2				1	0
sub-05	2	9	1				1	1
sub-05	2	10	1				1	1
sub-05	2	11	1				1	1
sub-05	2	12	1				1	1
sub-05	3	1	1				1	1
sub-05	3	2	1				1	1
sub-05	3	3	4				1	0
sub-05	3	4	2				1	0
sub-05	3	5	1				1	1
sub-05	3	6	1				1	1
sub-05	3	7	1				1	1
sub-05	3	8	1	2	3		1	0
sub-05	3	9	1				1	1
sub-05	3	10	2				1	0
sub-05	3	11	1				1	1
sub-05	3	12	1				1	1
sub-06	1	1	1				1	1
sub-06	1	2	1				1	1
sub-06	1	3	1				1	1
sub-06	1	4	1				1	1
sub-06	1	5	3				1	0
sub-06	1	6	1				1	1
sub-06	1	7	1				1	1
sub-06	1	8	1				1	1
sub-06	1	9	1				1	1
sub-06	1	10	1				1	1
sub-06	1	11	1				1	1
sub-06	1	12	1				1	1
sub-06	2	1	1				1	1
sub-06	2	2	1				1	1
sub-06	2	3	1				1	1
sub-06	2	4	1				1	1
sub-06	2	5	1				1	1
sub-06	2	6	1				1	1
sub-06	2	7	1				1	1
sub-06	2	8	1				1	1
sub-06	2	9	1				1	1
sub-06	2	10	1				1	1
sub-06	2	11	3				1	0
sub-06	2	12	1				1	1
sub-06	3	1	1				1	1
sub-06	3	2	1	2	3		1	0
sub-06	3	3	1				1	1
sub-06	3	4	1				1	1
sub-06	3	5	1				1	1
sub-06	3	6	1				1	1
sub-06	3	7	1				1	1
sub-06	3	8	3	1	2		1	0
sub-06	3	9	1				1	1
sub-06	3	10	1				1	1
sub-06	3	11	1				1	1
sub-06	3	12	2	1			1	0
sub-07	1	1	1				1	1
sub-07	1	2	4				1	0
sub-07	1	3	1				1	1
sub-07	1	4	1				1	1
sub-07	1	5	1				1	1
sub-07	1	6	1				1	1
sub-07	1	7	1				1	1
sub-07	1	8	1				1	1
sub-07	1	9	2				1	0
sub-07	1	10	1				1	1
sub-07	1	11	1				1	1
sub-07	1	12	1				1	1
sub-07	2	1	1				1	1
sub-07	2	2	1				1	1
sub-07	2	3	1				1	1
sub-07	2	4	4				1	0
sub-07	2	5	2				1	0
sub-07	2	6	1				1	1
sub-07	2	7	1				1	1
sub-07	2	8	2				1	0
sub-07	2	9	1				1	1
sub-07	2	10	1				1	1
sub-07	2	11	2				1	0
sub-07	2	12	1				1	1
sub-07	3	1	1				1	1
sub-07	3	2	1	2			1	0
sub-07	3	3	1				1	1
sub-07	3	4	2				1	0
sub-07	3	5	1				1	1
sub-07	3	6	3				1	0
sub-07	3	7	1				1	1
sub-07	3	8	1	4			1	0
sub-07	3	9	3				1	0
sub-07	3	10	1				1	1
sub-07	3	11	3				1	0
sub-07	3	12	2				1	0
sub-08	1	1	1				1	1
sub-08	1	2	4				1	0
sub-08	1	3	4				1	0
sub-08	1	4	1				1	1
sub-08	1	5	1				1	1
sub-08	1	6	3				1	0
sub-08	1	7	1				1	1
sub-08	1	8	1				1	1
sub-08	1	9	1				1	1
sub-08	1	10	1				1	1
sub-08	1	11	1				1	1
sub-08	1	12	1				1	1
sub-08	2	1	3				1	0
sub-08	2	2	4				1	0
sub-08	2	3	1				1	1
sub-08	2	4	4				1	0
sub-08	2	5	4				1	0
sub-08	2	6	1				1	1
sub-08	2	7	2				1	0
sub-08	2	8	1				1	1
sub-08	2	9	1				1	1
sub-08	2	10	1				1	1
sub-08	2	11	1				1	1
sub-08	2	12	1				1	1
sub-08	3	1	3				1	0
sub-08	3	2	2				1	0
sub-08	3	3	2				1	0
sub-08	3	4	3				1	0
sub-08	3	5	3				1	0
sub-08	3	6	1				1	1
sub-08	3	7	1				1	1
sub-08	3	8	4	1			1	0
sub-08	3	9	4				1	0
sub-08	3	10	1				1	1
sub-08	3	11	1				1	1
sub-08	3	12	1	3			1	0
sub-09	1	1	4				1	0
sub-09	1	2	4				1	0
sub-09	1	3	1				1	1
sub-09	1	4	2				1	0
sub-09	1	5	1				1	1
sub-09	1	6	1				1	1
sub-09	1	7	1				1	1
sub-09	1	8	1				1	1
sub-09	1	9	4				1	0
sub-09	1	10	1				1	1
sub-09	1	11	1				1	1
sub-09	1	12	1				1	1
sub-09	2	1	1				1	1
sub-09	2	2	2				1	0
sub-09	2	3	1				1	1
sub-09	2	4	4				1	0
sub-09	2	5	1				1	1
sub-09	2	6	3				1	0
sub-09	2	7	1				1	1
sub-09	2	8	4				1	0
sub-09	2	9	1				1	1
sub-09	2	10	1				1	1
sub-09	2	11	1				1	1
sub-09	2	12	1				1	1
sub-09	3	1	1				1	1
sub-09	3	2	1				1	1
sub-09	3	3	2				1	0
sub-09	3	4	2				1	0
sub-09	3	5	3				1	0
sub-09	3	6	1				1	1
sub-09	3	7	1				1	1
sub-09	3	8	1				1	1
sub-09	3	9	4				1	0
sub-09	3	10	1				1	1
sub-09	3	11	1				1	1
sub-09	3	12	4	3			1	0
sub-10	1	1	1				1	1
sub-10	1	2	4				1	0
sub-10	1	3	1				1	1
sub-10	1	4	1				1	1
sub-10	1	5	1				1	1
sub-10	1	6	1				1	1
sub-10	1	7	1				1	1
sub-10	1	8	1				1	1
sub-10	1	9	1				1	1
sub-10	1	10	1				1	1
sub-10	1	11	1				1	1
sub-10	1	12	1				1	1
sub-10	2	1	1				1	1
sub-10	2	2	4				1	0
sub-10	2	3	1				1	1
sub-10	2	4	4				1	0
sub-10	2	5	1				1	1
sub-10	2	6	1				1	1
sub-10	2	7	1				1	1
sub-10	2	8	1				1	1
sub-10	2	9	4				1	0
sub-10	2	10	1				1	1
sub-10	2	11	3				1	0
sub-10	2	12	1				1	1
sub-10	3	1	1				1	1
sub-10	3	2	3	2			1	0
sub-10	3	3	2				1	0
sub-10	3	4	3				1	0
sub-10	3	5	1				1	1
sub-10	3	6	2				1	0
sub-10	3	7	3				1	0
sub-10	3	8	4				1	0
sub-10	3	9	1				1	1
sub-10	3	10	1				1	1
sub-10	3	11	1				1	1
sub-10	3	12	2	1			1	0
sub-11	1	1	1				1	1
sub-11	1	2	1				1	1
sub-11	1	3	1				1	1
sub-11	1	4	1				1	1
sub-11	1	5	4				1	0
sub-11	1	6	1				1	1
sub-11	1	7	1				1	1
sub-11	1	8	1				1	1
sub-11	1	9	1				1	1
sub-11	1	10	1				1	1
sub-11	1	11	1				1	1
sub-11	1	12	1				1	1
sub-11	2	1	1				1	1
sub-11	2	2	1				1	1
sub-11	2	3	1				1	1
sub-11	2	4	1				1	1
sub-11	2	5	1				1	1
sub-11	2	6	1				1	1
sub-11	2	7	1				1	1
sub-11	2	8	1				1	1
sub-11	2	9	1				1	1
sub-11	2	10	1				1	1
sub-11	2	11	3				1	0
sub-11	2	12	1				1	1
sub-11	3	1	1				1	1
sub-11	3	2	2	3	1		1	0
sub-11	3	3	1				1	1
sub-11	3	4	1				1	1
sub-11	3	5	3				1	0
sub-11	3	6	1				1	1
sub-11	3	7	1				1	1
sub-11	3	8	2	3	1		1	0
sub-11	3	9	2				1	0
sub-11	3	10	1				1	1
sub-11	3	11	1				1	1
sub-11	3	12	1	2	3		1	0
sub-12	1	1	1				1	1
sub-12	1	2	1				1	1
sub-12	1	3	1				1	1
sub-12	1	4	1				1	1
sub-12	1	5	3				1	0
sub-12	1	6	1				1	1
sub-12	1	7	1				1	1
sub-12	1	8	1				1	1
sub-12	1	9	4				1	0
sub-12	1	10	1				1	1
sub-12	1	11	1				1	1
sub-12	1	12	1				1	1
sub-12	2	1	1				1	1
sub-12	2	2	1				1	1
sub-12	2	3	4				1	0
sub-12	2	4	2				1	0
sub-12	2	5	1				1	1
sub-12	2	6	1				1	1
sub-12	2	7	1				1	1
sub-12	2	8	1				1	1
sub-12	2	9	1				1	1
sub-12	2	10	1				1	1
sub-12	2	11	1				1	1
sub-12	2	12	1				1	1
sub-12	3	1	1				1	1
sub-12	3	2	1				1	1
sub-12	3	3	4				1	0
sub-12	3	4	2				1	0
sub-12	3	5	1				1	1
sub-12	3	6	1				1	1
sub-12	3	7	1				1	1
sub-12	3	8	1	3			1	0
sub-12	3	9	3				1	0
sub-12	3	10	1				1	1
sub-12	3	11	1				1	1
sub-12	3	12	1	2	4		1	0
sub-13	1	1	1				1	1
sub-13	1	2	4				1	0
sub-13	1	3	3				1	0
sub-13	1	4	1				1	1
sub-13	1	5	1				1	1
sub-13	1	6	1				1	1
sub-13	1	7	1				1	1
sub-13	1	8	1				1	1
sub-13	1	9	1				1	1
sub-13	1	10	1				1	1
sub-13	1	11	1				1	1
sub-13	1	12	1				1	1
sub-13	2	1	1				1	1
sub-13	2	2	1				1	1
sub-13	2	3	4				1	0
sub-13	2	4	4				1	0
sub-13	2	5	1				1	1
sub-13	2	6	1				1	1
sub-13	2	7	1				1	1
sub-13	2	8	3				1	0
sub-13	2	9	2				1	0
sub-13	2	10	1				1	1
sub-13	2	11	1				1	1
sub-13	2	12	1				1	1
sub-13	3	1	1				1	1
sub-13	3	2	3	2	1		1	0
sub-13	3	3	4				1	0
sub-13	3	4	1				1	1
sub-13	3	5	1				1	1
sub-13	3	6	1				1	1
sub-13	3	7	1				1	1
sub-13	3	8	2	3			1	0
sub-13	3	9	1				1	1
sub-13	3	10	1				1	1
sub-13	3	11	1				1	1
sub-13	3	12	1				1	1
sub-14	1	1	4				1	0
sub-14	1	2	4				1	0
sub-14	1	3	1				1	1
sub-14	1	4	1				1	1
sub-14	1	5	4				1	0
sub-14	1	6	4				1	0
sub-14	1	7	1				1	1
sub-14	1	8	1				1	1
sub-14	1	9	4				1	0
sub-14	1	10	1				1	1
sub-14	1	11	1				1	1
sub-14	1	12	1				1	1
sub-14	2	1	3				1	0
sub-14	2	2	1				1	1
sub-14	2	3	4				1	0
sub-14	2	4	1				1	1
sub-14	2	5	1				1	1
sub-14	2	6	1				1	1
sub-14	2	7	1				1	1
sub-14	2	8	1				1	1
sub-14	2	9	1				1	1
sub-14	2	10	1				1	1
sub-14	2	11	1				1	1
sub-14	2	12	1				1	1
sub-14	3	1	1				1	1
sub-14	3	2	2	1			1	0
sub-14	3	3	1				1	1
sub-14	3	4	3				1	0
sub-14	3	5	4				1	0
sub-14	3	6	2				1	0
sub-14	3	7	4				1	0
sub-14	3	8	3	4			1	0
sub-14	3	9	4				1	0
sub-14	3	10	2				1	0
sub-14	3	11	1				1	1
sub-14	3	12	1	4			1	0
sub-15	1	1	4				1	0
sub-15	1	2	4				1	0
sub-15	1	3	1				1	1
sub-15	1	4	2				1	0
sub-15	1	5	2				1	0
sub-15	1	6	1				1	1
sub-15	1	7	1				1	1
sub-15	1	8	1				1	1
sub-15	1	9	4				1	0
sub-15	1	10	3				1	0
sub-15	1	11	4				1	0
sub-15	1	12	1				1	1
sub-15	2	1	1				1	1
sub-15	2	2	1				1	1
sub-15	2	3	1				1	1
sub-15	2	4	4				1	0
sub-15	2	5	1				1	1
sub-15	2	6	3				1	0
sub-15	2	7	1				1	1
sub-15	2	8	1				1	1
sub-15	2	9	1				1	1
sub-15	2	10	1				1	1
sub-15	2	11	1				1	1
sub-15	2	12	1				1	1
sub-15	3	1	1				1	1
sub-15	3	2	3	2			1	0
sub-15	3	3	2				1	0
sub-15	3	4	1				1	1
sub-15	3	5	4				1	0
sub-15	3	6	2				1	0
sub-15	3	7	1				1	1
sub-15	3	8	3	4			1	0
sub-15	3	9	2				1	0
sub-15	3	10	2				1	0
sub-15	3	11	1				1	1
sub-15	3	12	2	1	4	3	1	0
sub-16	1	1	1				1	1
sub-16	1	2	1				1	1
sub-16	1	3	1				1	1
sub-16	1	4	1				1	1
sub-16	1	5	3				1	0
sub-16	1	6	1				1	1
sub-16	1	7	1				1	1
sub-16	1	8	1				1	1
sub-16	1	9	1				1	1
sub-16	1	10	1				1	1
sub-16	1	11	1				1	1
sub-16	1	12	1				1	1
sub-16	2	1	1				1	1
sub-16	2	2	1				1	1
sub-16	2	3	4				1	0
sub-16	2	4	1				1	1
sub-16	2	5	1				1	1
sub-16	2	6	1				1	1
sub-16	2	7	2				1	0
sub-16	2	8	3				1	0
sub-16	2	9	1				1	1
sub-16	2	10	1				1	1
sub-16	2	11	1				1	1
sub-16	2	12	1				1	1
sub-16	3	1	1				1	1
sub-16	3	2	1	2	3		1	0
sub-16	3	3	1				1	1
sub-16	3	4	1				1	1
sub-16	3	5	1				1	1
sub-16	3	6	2				1	0
sub-16	3	7	2				1	0
sub-16	3	8	3	2	1		1	0
sub-16	3	9	1				1	1
sub-16	3	10	1				1	1
sub-16	3	11	1				1	1
sub-16	3	12	2	1			1	0
sub-17	1	1	1				1	1
sub-17	1	2	1				1	1
sub-17	1	3	4				1	0
sub-17	1	4	1				1	1
sub-17	1	5	1				1	1
sub-17	1	6	1				1	1
sub-17	1	7	2				1	0
sub-17	1	8	1				1	1
sub-17	1	9	1				1	1
sub-17	1	10	1				1	1
sub-17	1	11	1				1	1
sub-17	1	12	1				1	1
sub-17	2	1	1				1	1
sub-17	2	2	4				1	0
sub-17	2	3	1				1	1
sub-17	2	4	1				1	1
sub-17	2	5	1				1	1
sub-17	2	6	1				1	1
sub-17	2	7	1				1	1
sub-17	2	8	2				1	0
sub-17	2	9	1				1	1
sub-17	2	10	1				1	1
sub-17	2	11	3				1	0
sub-17	2	12	1				1	1
sub-17	3	1	1				1	1
sub-17	3	2	3	1	2		1	0
sub-17	3	3	2				1	0
sub-17	3	4	1				1	1
sub-17	3	5	3				1	0
sub-17	3	6	1				1	1
sub-17	3	7	1				1	1
sub-17	3	8	3	1	2		1	0
sub-17	3	9	1				1	1
sub-17	3	10	3				1	0
sub-17	3	11	1				1	1
sub-17	3	12	2	3	1		1	0
sub-18	1	1	1				1	1
sub-18	1	2	2				1	0
sub-18	1	3	1				1	1
sub-18	1	4	1				1	1
sub-18	1	5	4				1	0
sub-18	1	6	1				1	1
sub-18	1	7	1				1	1
sub-18	1	8	1				1	1
sub-18	1	9	1				1	1
sub-18	1	10	1				1	1
sub-18	1	11	1				1	1
sub-18	1	12	3				1	0
sub-18	2	1	1				1	1
sub-18	2	2	2				1	0
sub-18	2	3	1				1	1
sub-18	2	4	4				1	0
sub-18	2	5	3				1	0
sub-18	2	6	1				1	1
sub-18	2	7	1				1	1
sub-18	2	8	3				1	0
sub-18	2	9	1				1	1
sub-18	2	10	1				1	1
sub-18	2	11	1				1	1
sub-18	2	12	3				1	0
sub-18	3	1	1				1	1
sub-18	3	2	3				1	0
sub-18	3	3	1				1	1
sub-18	3	4	3				1	0
sub-18	3	5	2				1	0
sub-18	3	6	1				1	1
sub-18	3	7	1				1	1
sub-18	3	8	4				1	0
sub-18	3	9	4				1	0
sub-18	3	10	1				1	1
sub-18	3	11	4				1	0
sub-18	3	12	4				1	0
sub-19	1	1	4				1	0
sub-19	1	2	4				1	0
sub-19	1	3	1				1	1
sub-19	1	4	2				1	0
sub-19	1	5	4				1	0
sub-19	1	6	1				1	1
sub-19	1	7	3				1	0
sub-19	1	8	1				1	1
sub-19	1	9	1				1	1
sub-19	1	10	3				1	0
sub-19	1	11	2				1	0
sub-19	1	12	4				1	0
sub-19	2	1	1				1	1
sub-19	2	2	2				1	0
sub-19	2	3	4				1	0
sub-19	2	4	4				1	0
sub-19	2	5	1				1	1
sub-19	2	6	1				1	1
sub-19	2	7	1				1	1
sub-19	2	8	2				1	0
sub-19	2	9	1				1	1
sub-19	2	10	1				1	1
sub-19	2	11	1				1	1
sub-19	2	12	1				1	1
sub-19	3	1	1				1	1
sub-19	3	2	2	1	3		1	0
sub-19	3	3	3				1	0
sub-19	3	4	1				1	1
sub-19	3	5	1				1	1
sub-19	3	6	1				1	1
sub-19	3	7	3				1	0
sub-19	3	8	4				1	0
sub-19	3	9	4				1	0
sub-19	3	10	1				1	1
sub-19	3	11	1				1	1
sub-19	3	12	2	3	1	4	1	0
sub-20	1	1	1				1	1
sub-20	1	2	1				1	1
sub-20	1	3	1				1	1
sub-20	1	4	1				1	1
sub-20	1	5	4				1	0
sub-20	1	6	1				1	1
sub-20	1	7	1				1	1
sub-20	1	8	1				1	1
sub-20	1	9	1				1	1
sub-20	1	10	1				1	1
sub-20	1	11	1				1	1
sub-20	1	12	1				1	1
sub-20	2	1	1				1	1
sub-20	2	2	1				1	1
sub-20	2	3	1				1	1
sub-20	2	4	2				1	0
sub-20	2	5	1				1	1
sub-20	2	6	1				1	1
sub-20	2	7	2				1	0
sub-20	2	8	2				1	0
sub-20	2	9	4				1	0
sub-20	2	10	1				1	1
sub-20	2	11	1				1	1
sub-20	2	12	1				1	1
sub-20	3	1	1				1	1
sub-20	3	2	3	1			1	0
sub-20	3	3	4				1	0
sub-20	3	4	1				1	1
sub-20	3	5	1				1	1
sub-20	3	6	1				1	1
sub-20	3	7	4				1	0
sub-20	3	8	1	2	3		1	0
sub-20	3	9	4				1	0
sub-20	3	10	1				1	1
sub-20	3	11	1				1	1
sub-20	3	12	4	2	1		1	0
sub-21	1	1	4				1	0
sub-21	1	2	1				1	1
sub-21	1	3	3				1	0
sub-21	1	4	4				1	0
sub-21	1	5	2				1	0
sub-21	1	6	1				1	1
sub-21	1	7	2				1	0
sub-21	1	8	3				1	0
sub-21	1	9	4				1	0
sub-21	1	10	4				1	0
sub-21	1	11	1				1	1
sub-21	1	12	3				1	0
sub-21	2	1	4				1	0
sub-21	2	2	4				1	0
sub-21	2	3	4				1	0
sub-21	2	4	2				1	0
sub-21	2	5	1				1	1
sub-21	2	6	1				1	1
sub-21	2	7	1				1	1
sub-21	2	8	3				1	0
sub-21	2	9	1				1	1
sub-21	2	10	1				1	1
sub-21	2	11	3				1	0
sub-21	2	12	3				1	0
sub-21	3	1	1				1	1
sub-21	3	2	1	2			1	0
sub-21	3	3	1				1	1
sub-21	3	4	2				1	0
sub-21	3	5	1				1	1
sub-21	3	6	1				1	1
sub-21	3	7	4				1	0
sub-21	3	8	2	1	3		1	0
sub-21	3	9	2				1	0
sub-21	3	10	4				1	0
sub-21	3	11	3				1	0
sub-21	3	12	4	3			1	0
sub-22	1	1	4				1	0
sub-22	1	2	1				1	1
sub-22	1	3	1				1	1
sub-22	1	4	2				1	0
sub-22	1	5	4				1	0
sub-22	1	6	4				1	0
sub-22	1	7	4				1	0
sub-22	1	8	1				1	1
sub-22	1	9	1				1	1
sub-22	1	10	1				1	1
sub-22	1	11	1				1	1
sub-22	1	12	1				1	1
sub-22	2	1	1				1	1
sub-22	2	2	2				1	0
sub-22	2	3	1				1	1
sub-22	2	4	1				1	1
sub-22	2	5	4				1	0
sub-22	2	6	1				1	1
sub-22	2	7	3				1	0
sub-22	2	8	1				1	1
sub-22	2	9	1				1	1
sub-22	2	10	1				1	1
sub-22	2	11	1				1	1
sub-22	2	12	1				1	1
sub-22	3	1	1				1	1
sub-22	3	2	2	1	3		1	0
sub-22	3	3	1				1	1
sub-22	3	4	1				1	1
sub-22	3	5	4				1	0
sub-22	3	6	1				1	1
sub-22	3	7	3				1	0
sub-22	3	8	1	3	4		1	0
sub-22	3	9	1				1	1
sub-22	3	10	2				1	0
sub-22	3	11	1				1	1
sub-22	3	12	1	2			1	0
sub-23	1	1	4				1	0
sub-23	1	2	4				1	0
sub-23	1	3	1				1	1
sub-23	1	4	2				1	0
sub-23	1	5	3				1	0
sub-23	1	6	1				1	1
sub-23	1	7	1				1	1
sub-23	1	8	1				1	1
sub-23	1	9	4				1	0
sub-23	1	10	4				1	0
sub-23	1	11	3				1	0
sub-23	1	12	1				1	1
sub-23	2	1	1				1	1
sub-23	2	2	4				1	0
sub-23	2	3	2				1	0
sub-23	2	4	4				1	0
sub-23	2	5	1				1	1
sub-23	2	6	1				1	1
sub-23	2	7	1				1	1
sub-23	2	8	1				1	1
sub-23	2	9	3				1	0
sub-23	2	10	4				1	0
sub-23	2	11	3				1	0
sub-23	2	12	1				1	1
sub-23	3	1	1				1	1
sub-23	3	2	2	3			1	0
sub-23	3	3	2				1	0
sub-23	3	4	4				1	0
sub-23	3	5	4				1	0
sub-23	3	6	2				1	0
sub-23	3	7	4				1	0
sub-23	3	8	4				1	0
sub-23	3	9	4				1	0
sub-23	3	10	1				1	1
sub-23	3	11	1				1	1
sub-23	3	12	2	1			1	0
sub-24	1	1	1				1	1
sub-24	1	2	1				1	1
sub-24	1	3	1				1	1
sub-24	1	4	1				1	1
sub-24	1	5	4				1	0
sub-24	1	6	1				1	1
sub-24	1	7	1				1	1
sub-24	1	8	1				1	1
sub-24	1	9	4				1	0
sub-24	1	10	1				1	1
sub-24	1	11	1				1	1
sub-24	1	12	1				1	1
sub-24	2	1	1				1	1
sub-24	2	2	4				1	0
sub-24	2	3	1				1	1
sub-24	2	4	1				1	1
sub-24	2	5	1				1	1
sub-24	2	6	1				1	1
sub-24	2	7	1				1	1
sub-24	2	8	1				1	1
sub-24	2	9	1				1	1
sub-24	2	10	1				1	1
sub-24	2	11	1				1	1
sub-24	2	12	1				1	1
sub-24	3	1	1				1	1
sub-24	3	2	1				1	1
sub-24	3	3	1				1	1
sub-24	3	4	1				1	1
sub-24	3	5	1				1	1
sub-24	3	6	1				1	1
sub-24	3	7	1				1	1
sub-24	3	8	4	3			1	0
sub-24	3	9	3				1	0
sub-24	3	10	1				1	1
sub-24	3	11	1				1	1
sub-24	3	12	2	1			1	0
sub-25	1	1	1				1	1
sub-25	1	2	4				1	0
sub-25	1	3	1				1	1
sub-25	1	4	1				1	1
sub-25	1	5	1				1	1
sub-25	1	6	1				1	1
sub-25	1	7	1				1	1
sub-25	1	8	1				1	1
sub-25	1	9	1				1	1
sub-25	1	10	1				1	1
sub-25	1	11	1				1	1
sub-25	1	12	1				1	1
sub-25	2	1	1				1	1
sub-25	2	2	3				1	0
sub-25	2	3	4				1	0
sub-25	2	4	4				1	0
sub-25	2	5	1				1	1
sub-25	2	6	1				1	1
sub-25	2	7	2				1	0
sub-25	2	8	1				1	1
sub-25	2	9	1				1	1
sub-25	2	10	1				1	1
sub-25	2	11	1				1	1
sub-25	2	12	1				1	1
sub-25	3	1	1				1	1
sub-25	3	2	2	3	1		1	0
sub-25	3	3	1				1	1
sub-25	3	4	2				1	0
sub-25	3	5	1				1	1
sub-25	3	6	1				1	1
sub-25	3	7	2				1	0
sub-25	3	8	3	4			1	0
sub-25	3	9	1				1	1
sub-25	3	10	1				1	1
sub-25	3	11	1				1	1
sub-25	3	12	3	2	1		1	0
sub-26	1	1	1				1	1
sub-26	1	2	1				1	1
sub-26	1	3	4				1	0
sub-26	1	4	4				1	0
sub-26	1	5	1				1	1
sub-26	1	6	1				1	1
sub-26	1	7	1				1	1
sub-26	1	8	1				1	1
sub-26	1	9	1				1	1
sub-26	1	10	1				1	1
sub-26	1	11	1				1	1
sub-26	1	12	4				1	0
sub-26	2	1	1				1	1
sub-26	2	2	1				1	1
sub-26	2	3	4				1	0
sub-26	2	4	4				1	0
sub-26	2	5	1				1	1
sub-26	2	6	1				1	1
sub-26	2	7	1				1	1
sub-26	2	8	1				1	1
sub-26	2	9	1				1	1
sub-26	2	10	1				1	1
sub-26	2	11	1				1	1
sub-26	2	12	1				1	1
sub-26	3	1	1				1	1
sub-26	3	2	1	3			1	0
sub-26	3	3	2				1	0
sub-26	3	4	3				1	0
sub-26	3	5	3				1	0
sub-26	3	6	1				1	1
sub-26	3	7	1				1	1
sub-26	3	8	4				1	0
sub-26	3	9	4				1	0
sub-26	3	10	1				1	1
sub-26	3	11	1				1	1
sub-26	3	12	4				1	0
sub-27	1	1	1				1	1
sub-27	1	2	1				1	1
sub-27	1	3	1				1	1
sub-27	1	4	1				1	1
sub-27	1	5	4				1	0
sub-27	1	6	1				1	1
sub-27	1	7	1				1	1
sub-27	1	8	1				1	1
sub-27	1	9	1				1	1
sub-27	1	10	1				1	1
sub-27	1	11	1				1	1
sub-27	1	12	3				1	0
sub-27	2	1	1				1	1
sub-27	2	2	4				1	0
sub-27	2	3	1				1	1
sub-27	2	4	4				1	0
sub-27	2	5	1				1	1
sub-27	2	6	1				1	1
sub-27	2	7	1				1	1
sub-27	2	8	1				1	1
sub-27	2	9	1				1	1
sub-27	2	10	1				1	1
sub-27	2	11	1				1	1
sub-27	2	12	1				1	1
sub-27	3	1	1				1	1
sub-27	3	2	2	1	3		1	0
sub-27	3	3	3				1	0
sub-27	3	4	3				1	0
sub-27	3	5	1				1	1
sub-27	3	6	2				1	0
sub-27	3	7	4				1	0
sub-27	3	8	4	1	2		1	0
sub-27	3	9	1				1	1
sub-27	3	10	1				1	1
sub-27	3	11	1				1	1
sub-27	3	12	2	1	4	3	1	0
sub-28	1	1	1				1	1
sub-28	1	2	1				1	1
sub-28	1	3	1				1	1
sub-28	1	4	1				1	1
sub-28	1	5	4				1	0
sub-28	1	6	1				1	1
sub-28	1	7	1				1	1
sub-28	1	8	1				1	1
sub-28	1	9	1				1	1
sub-28	1	10	1				1	1
sub-28	1	11	1				1	1
sub-28	1	12	1				1	1
sub-28	2	1	1				1	1
sub-28	2	2	2				1	0
sub-28	2	3	4				1	0
sub-28	2	4	4				1	0
sub-28	2	5	1				1	1
sub-28	2	6	1				1	1
sub-28	2	7	1				1	1
sub-28	2	8	1				1	1
sub-28	2	9	1				1	1
sub-28	2	10	1				1	1
sub-28	2	11	1				1	1
sub-28	2	12	1				1	1
sub-28	3	1	1				1	1
sub-28	3	2	1				1	1
sub-28	3	3	3				1	0
sub-28	3	4	1				1	1
sub-28	3	5	4				1	0
sub-28	3	6	1				1	1
sub-28	3	7	1				1	1
sub-28	3	8	4	3			1	0
sub-28	3	9	2				1	0
sub-28	3	10	2				1	0
sub-28	3	11	1				1	1
sub-28	3	12	2	4	3	1	1	0
sub-29	1	1	4				1	0
sub-29	1	2	1				1	1
sub-29	1	3	1				1	1
sub-29	1	4	1				1	1
sub-29	1	5	3				1	0
sub-29	1	6	1				1	1
sub-29	1	7	1				1	1
sub-29	1	8	1				1	1
sub-29	1	9	4				1	0
sub-29	1	10	1				1	1
sub-29	1	11	1				1	1
sub-29	1	12	1				1	1
sub-29	2	1	1				1	1
sub-29	2	2	1				1	1
sub-29	2	3	4				1	0
sub-29	2	4	3				1	0
sub-29	2	5	3				1	0
sub-29	2	6	2				1	0
sub-29	2	7	1				1	1
sub-29	2	8	3				1	0
sub-29	2	9	1				1	1
sub-29	2	10	1				1	1
sub-29	2	11	3				1	0
sub-29	2	12	1				1	1
sub-29	3	1	2				1	0
sub-29	3	2	1				1	1
sub-29	3	3	1				1	1
sub-29	3	4	2				1	0
sub-29	3	5	1				1	1
sub-29	3	6	4				1	0
sub-29	3	7	1				1	1
sub-29	3	8	4				1	0
sub-29	3	9	1				1	1
sub-29	3	10	1				1	1
sub-29	3	11	1				1	1
sub-29	3	12	4				1	0
sub-30	1	1	1				1	1
sub-30	1	2	1				1	1
sub-30	1	3	1				1	1
sub-30	1	4	1				1	1
sub-30	1	5	4				1	0
sub-30	1	6	1				1	1
sub-30	1	7	1				1	1
sub-30	1	8	1				1	1
sub-30	1	9	1				1	1
sub-30	1	10	1				1	1
sub-30	1	11	1				1	1
sub-30	1	12	1				1	1
sub-30	2	1	1				1	1
sub-30	2	2	1				1	1
sub-30	2	3	1				1	1
sub-30	2	4	1				1	1
sub-30	2	5	1				1	1
sub-30	2	6	1				1	1
sub-30	2	7	2				1	0
sub-30	2	8	1				1	1
sub-30	2	9	1				1	1
sub-30	2	10	1				1	1
sub-30	2	11	1				1	1
sub-30	2	12	1				1	1
sub-30	3	1	1				1	1
sub-30	3	2	1				1	1
sub-30	3	3	1				1	1
sub-30	3	4	2				1	0
sub-30	3	5	1				1	1
sub-30	3	6	1				1	1
sub-30	3	7	1				1	1
sub-30	3	8	4	3			1	0
sub-30	3	9	1				1	1
sub-30	3	10	1				1	1
sub-30	3	11	1				1	1
sub-30	3	12	1				1	1
sub-31	1	1	4				1	0
sub-31	1	2	1				1	1
sub-31	1	3	1				1	1
sub-31	1	4	1				1	1
sub-31	1	5	4				1	0
sub-31	1	6	1				1	1
sub-31	1	7	1				1	1
sub-31	1	8	4				1	0
sub-31	1	9	4				1	0
sub-31	1	10	1				1	1
sub-31	1	11	1				1	1
sub-31	1	12	4				1	0
sub-31	2	1	1				1	1
sub-31	2	2	4				1	0
sub-31	2	3	1				1	1
sub-31	2	4	2				1	0
sub-31	2	5	1				1	1
sub-31	2	6	1				1	1
sub-31	2	7	1				1	1
sub-31	2	8	1				1	1
sub-31	2	9	1				1	1
sub-31	2	10	1				1	1
sub-31	2	11	1				1	1
sub-31	2	12	1				1	1
sub-31	3	1	4				1	0
sub-31	3	2	2	3	1		1	0
sub-31	3	3	3				1	0
sub-31	3	4	2				1	0
sub-31	3	5	1				1	1
sub-31	3	6	2				1	0
sub-31	3	7	3				1	0
sub-31	3	8	3	4	1		1	0
sub-31	3	9	1				1	1
sub-31	3	10	1				1	1
sub-31	3	11	1				1	1
sub-31	3	12	4	3			1	0
sub-32	1	1	4				1	0
sub-32	1	2	3				1	0
sub-32	1	3	4				1	0
sub-32	1	4	4				1	0
sub-32	1	5	3				1	0
sub-32	1	6	2				1	0
sub-32	1	7	2				1	0
sub-32	1	8	1				1	1
sub-32	1	9	4				1	0
sub-32	1	10	4				1	0
sub-32	1	11	4				1	0
sub-32	1	12	1				1	1
sub-32	2	1	4				1	0
sub-32	2	2	4				1	0
sub-32	2	3	2				1	0
sub-32	2	4	3				1	0
sub-32	2	5	3				1	0
sub-32	2	6	1				1	1
sub-32	2	7	3				1	0
sub-32	2	8	4				1	0
sub-32	2	9	1				1	1
sub-32	2	10	4				1	0
sub-32	2	11	4				1	0
sub-32	2	12	1				1	1
sub-32	3	1	1				1	1
sub-32	3	2	2				1	0
sub-32	3	3	2				1	0
sub-32	3	4	1				1	1
sub-32	3	5	4				1	0
sub-32	3	6	1				1	1
sub-32	3	7	4				1	0
sub-32	3	8	3	4			1	0
sub-32	3	9	4				1	0
sub-32	3	10	1				1	1
sub-32	3	11	2				1	0
sub-32	3	12	4				1	0
sub-33	1	1	4				1	0
sub-33	1	2	4				1	0
sub-33	1	3	4				1	0
sub-33	1	4	4				1	0
sub-33	1	5	1				1	1
sub-33	1	6	4				1	0
sub-33	1	7	1				1	1
sub-33	1	8	1				1	1
sub-33	1	9	1				1	1
sub-33	1	10	3				1	0
sub-33	1	11	4				1	0
sub-33	1	12	4				1	0
sub-33	2	1	1				1	1
sub-33	2	2	4				1	0
sub-33	2	3	2				1	0
sub-33	2	4	4				1	0
sub-33	2	5	2				1	0
sub-33	2	6	1				1	1
sub-33	2	7	1				1	1
sub-33	2	8	1				1	1
sub-33	2	9	4				1	0
sub-33	2	10	1				1	1
sub-33	2	11	1				1	1
sub-33	2	12	1				1	1
sub-33	3	1	1				1	1
sub-33	3	2	1	2			1	0
sub-33	3	3	4				1	0
sub-33	3	4	1				1	1
sub-33	3	5	3				1	0
sub-33	3	6	1				1	1
sub-33	3	7	1				1	1
sub-33	3	8	4	3			1	0
sub-33	3	9	1				1	1
sub-33	3	10	2				1	0
sub-33	3	11	2				1	0
sub-33	3	12	3	2	4		1	0
sub-34	1	1	4				1	0
sub-34	1	2	4				1	0
sub-34	1	3	1				1	1
sub-34	1	4	2				1	0
sub-34	1	5	1				1	1
sub-34	1	6	1				1	1
sub-34	1	7	1				1	1
sub-34	1	8	1				1	1
sub-34	1	9	1				1	1
sub-34	1	10	1				1	1
sub-34	1	11	1				1	1
sub-34	1	12	4				1	0
sub-34	2	1	1				1	1
sub-34	2	2	4				1	0
sub-34	2	3	3				1	0
sub-34	2	4	4				1	0
sub-34	2	5	3				1	0
sub-34	2	6	3				1	0
sub-34	2	7	1				1	1
sub-34	2	8	1				1	1
sub-34	2	9	4				1	0
sub-34	2	10	1				1	1
sub-34	2	11	3				1	0
sub-34	2	12	1				1	1
sub-34	3	1	1				1	1
sub-34	3	2	1				1	1
sub-34	3	3	3				1	0
sub-34	3	4	4				1	0
sub-34	3	5	4				1	0
sub-34	3	6	2				1	0
sub-34	3	7	2				1	0
sub-34	3	8	3				1	0
sub-34	3	9	4				1	0
sub-34	3	10	1				1	1
sub-34	3	11	3				1	0
sub-34	3	12	1	4			1	0
sub-35	1	1	4				1	0
sub-35	1	2	3				1	0
sub-35	1	3	1				1	1
sub-35	1	4	3				1	0
sub-35	1	5	1				1	1
sub-35	1	6	4				1	0
sub-35	1	7	2				1	0
sub-35	1	8	3				1	0
sub-35	1	9	2				1	0
sub-35	1	10	4				1	0
sub-35	1	11	4				1	0
sub-35	1	12	1				1	1
sub-35	2	1	1				1	1
sub-35	2	2	2				1	0
sub-35	2	3	4				1	0
sub-35	2	4	4				1	0
sub-35	2	5	1				1	1
sub-35	2	6	2				1	0
sub-35	2	7	1				1	1
sub-35	2	8	1				1	1
sub-35	2	9	4				1	0
sub-35	2	10	1				1	1
sub-35	2	11	3				1	0
sub-35	2	12	3				1	0
sub-35	3	1	1				1	1
sub-35	3	2	1				1	1
sub-35	3	3	2				1	0
sub-35	3	4	1				1	1
sub-35	3	5	1				1	1
sub-35	3	6	2				1	0
sub-35	3	7	1				1	1
sub-35	3	8	3				1	0
sub-35	3	9	3				1	0
sub-35	3	10	2				1	0
sub-35	3	11	1				1	1
sub-35	3	12	4				1	0
sub-36	1	1	4				1	0
sub-36	1	2	4				1	0
sub-36	1	3	1				1	1
sub-36	1	4	2				1	0
sub-36	1	5	3				1	0
sub-36	1	6	1				1	1
sub-36	1	7	1				1	1
sub-36	1	8	1				1	1
sub-36	1	9	3				1	0
sub-36	1	10	1				1	1
sub-36	1	11	4				1	0
sub-36	1	12	1				1	1
sub-36	2	1	1				1	1
sub-36	2	2	2				1	0
sub-36	2	3	2				1	0
sub-36	2	4	4				1	0
sub-36	2	5	2				1	0
sub-36	2	6	2				1	0
sub-36	2	7	1				1	1
sub-36	2	8	1				1	1
sub-36	2	9	1				1	1
sub-36	2	10	1				1	1
sub-36	2	11	3				1	0
sub-36	2	12	1				1	1
sub-36	3	1	3				1	0
sub-36	3	2	2				1	0
sub-36	3	3	4				1	0
sub-36	3	4	3				1	0
sub-36	3	5	3				1	0
sub-36	3	6	1				1	1
sub-36	3	7	4				1	0
sub-36	3	8	4	3	1		1	0
sub-36	3	9	1				1	1
sub-36	3	10	1				1	1
sub-36	3	11	1				1	1
sub-36	3	12	1	2	3		1	0
sub-37	1	1	4				1	0
sub-37	1	2	4				1	0
sub-37	1	3	1				1	1
sub-37	1	4	1				1	1
sub-37	1	5	4				1	0
sub-37	1	6	4				1	0
sub-37	1	7	1				1	1
sub-37	1	8	1				1	1
sub-37	1	9	4				1	0
sub-37	1	10	3				1	0
sub-37	1	11	1				1	1
sub-37	1	12	1				1	1
sub-37	2	1	1				1	1
sub-37	2	2	1				1	1
sub-37	2	3	4				1	0
sub-37	2	4	4				1	0
sub-37	2	5	1				1	1
sub-37	2	6	1				1	1
sub-37	2	7	1				1	1
sub-37	2	8	1				1	1
sub-37	2	9	1				1	1
sub-37	2	10	1				1	1
sub-37	2	11	2				1	0
sub-37	2	12	1				1	1
sub-37	3	1	1				1	1
sub-37	3	2	3				1	0
sub-37	3	3	2				1	0
sub-37	3	4	3				1	0
sub-37	3	5	1				1	1
sub-37	3	6	4				1	0
sub-37	3	7	1				1	1
sub-37	3	8	3	4			1	0
sub-37	3	9	1				1	1
sub-37	3	10	1				1	1
sub-37	3	11	1				1	1
sub-37	3	12	1				1	1
sub-38	1	1	4				1	0
sub-38	1	2	1				1	1
sub-38	1	3	4				1	0
sub-38	1	4	1				1	1
sub-38	1	5	3				1	0
sub-38	1	6	4				1	0
sub-38	1	7	1				1	1
sub-38	1	8	1				1	1
sub-38	1	9	1				1	1
sub-38	1	10	1				1	1
sub-38	1	11	4				1	0
sub-38	1	12	4				1	0
sub-38	2	1	1				1	1
sub-38	2	2	3				1	0
sub-38	2	3	4				1	0
sub-38	2	4	4				1	0
sub-38	2	5	1				1	1
sub-38	2	6	4				1	0
sub-38	2	7	1				1	1
sub-38	2	8	1				1	1
sub-38	2	9	2				1	0
sub-38	2	10	1				1	1
sub-38	2	11	1				1	1
sub-38	2	12	1				1	1
sub-38	3	1	1				1	1
sub-38	3	2	1	3	2		1	0
sub-38	3	3	1				1	1
sub-38	3	4	2				1	0
sub-38	3	5	4				1	0
sub-38	3	6	1				1	1
sub-38	3	7	3				1	0
sub-38	3	8	4	3			1	0
sub-38	3	9	4				1	0
sub-38	3	10	1				1	1
sub-38	3	11	3				1	0
sub-38	3	12	2	3	4		1	0
sub-39	1	1	1				1	1
sub-39	1	2	4				1	0
sub-39	1	3	1				1	1
sub-39	1	4	1				1	1
sub-39	1	5	3				1	0
sub-39	1	6	1				1	1
sub-39	1	7	1				1	1
sub-39	1	8	1				1	1
sub-39	1	9	1				1	1
sub-39	1	10	1				1	1
sub-39	1	11	1				1	1
sub-39	1	12	3				1	0
sub-39	2	1	1				1	1
sub-39	2	2	2				1	0
sub-39	2	3	4				1	0
sub-39	2	4	4				1	0
sub-39	2	5	1				1	1
sub-39	2	6	1				1	1
sub-39	2	7	1				1	1
sub-39	2	8	2				1	0
sub-39	2	9	1				1	1
sub-39	2	10	1				1	1
sub-39	2	11	1				1	1
sub-39	2	12	1				1	1
sub-39	3	1	1				1	1
sub-39	3	2	1				1	1
sub-39	3	3	3				1	0
sub-39	3	4	1				1	1
sub-39	3	5	1				1	1
sub-39	3	6	1				1	1
sub-39	3	7	1				1	1
sub-39	3	8	3				1	0
sub-39	3	9	4				1	0
sub-39	3	10	1				1	1
sub-39	3	11	4				1	0
sub-39	3	12	4				1	0
sub-40	1	1	4				1	0
sub-40	1	2	1				1	1
sub-40	1	3	1				1	1
sub-40	1	4	2				1	0
sub-40	1	5	1				1	1
sub-40	1	6	3				1	0
sub-40	1	7	1				1	1
sub-40	1	8	1				1	1
sub-40	1	9	4				1	0
sub-40	1	10	2				1	0
sub-40	1	11	4				1	0
sub-40	1	12	4				1	0
sub-40	2	1	1				1	1
sub-40	2	2	1				1	1
sub-40	2	3	1				1	1
sub-40	2	4	4				1	0
sub-40	2	5	1				1	1
sub-40	2	6	1				1	1
sub-40	2	7	1				1	1
sub-40	2	8	1				1	1
sub-40	2	9	1				1	1
sub-40	2	10	1				1	1
sub-40	2	11	1				1	1
sub-40	2	12	1				1	1
sub-40	3	1	1				1	1
sub-40	3	2	3	1	2		1	0
sub-40	3	3	1				1	1
sub-40	3	4	2				1	0
sub-40	3	5	3				1	0
sub-40	3	6	1				1	1
sub-40	3	7	1				1	1
sub-40	3	8	3	4			1	0
sub-40	3	9	1				1	1
sub-40	3	10	2				1	0
sub-40	3	11	1				1	1
sub-40	3	12	1	3			1	0
sub-41	1	1	1				1	1
sub-41	1	2	3				1	0
sub-41	1	3	2				1	0
sub-41	1	4	3				1	0
sub-41	1	5	2				1	0
sub-41	1	6	4				1	0
sub-41	1	7	1				1	1
sub-41	1	8	2				1	0
sub-41	1	9	4				1	0
sub-41	1	10	1				1	1
sub-41	1	11	4				1	0
sub-41	1	12	1				1	1
sub-41	2	1	3				1	0
sub-41	2	2	2				1	0
sub-41	2	3	4				1	0
sub-41	2	4	1				1	1
sub-41	2	5	3				1	0
sub-41	2	6	1				1	1
sub-41	2	7	2				1	0
sub-41	2	8	1				1	1
sub-41	2	9	1				1	1
sub-41	2	10	1				1	1
sub-41	2	11	1				1	1
sub-41	2	12	1				1	1
sub-41	3	1	3				1	0
sub-41	3	2	1	2	3		1	0
sub-41	3	3	2				1	0
sub-41	3	4	4				1	0
sub-41	3	5	4				1	0
sub-41	3	6	1				1	1
sub-41	3	7	2				1	0
sub-41	3	8	4	3			1	0
sub-41	3	9	1				1	1
sub-41	3	10	1				1	1
sub-41	3	11	3				1	0
sub-41	3	12	1	4			1	0
sub-42	1	1	1				1	1
sub-42	1	2	1				1	1
sub-42	1	3	1				1	1
sub-42	1	4	1				1	1
sub-42	1	5	4				1	0
sub-42	1	6	1				1	1
sub-42	1	7	1				1	1
sub-42	1	8	1				1	1
sub-42	1	9	4				1	0
sub-42	1	10	3				1	0
sub-42	1	11	4				1	0
sub-42	1	12	1				1	1
sub-42	2	1	1				1	1
sub-42	2	2	2				1	0
sub-42	2	3	3				1	0
sub-42	2	4	4				1	0
sub-42	2	5	1				1	1
sub-42	2	6	1				1	1
sub-42	2	7	1				1	1
sub-42	2	8	1				1	1
sub-42	2	9	1				1	1
sub-42	2	10	1				1	1
sub-42	2	11	4				1	0
sub-42	2	12	1				1	1
sub-42	3	1	1				1	1
sub-42	3	2	3				1	0
sub-42	3	3	4				1	0
sub-42	3	4	1				1	1
sub-42	3	5	1				1	1
sub-42	3	6	2				1	0
sub-42	3	7	2				1	0
sub-42	3	8	1				1	1
sub-42	3	9	1				1	1
sub-42	3	10	1				1	1
sub-42	3	11	2				1	0
sub-42	3	12	1				1	1
sub-43	1	1	4				1	0
sub-43	1	2	4				1	0
sub-43	1	3	1				1	1
sub-43	1	4	1				1	1
sub-43	1	5	1				1	1
sub-43	1	6	3				1	0
sub-43	1	7	4				1	0
sub-43	1	8	1				1	1
sub-43	1	9	4				1	0
sub-43	1	10	4				1	0
sub-43	1	11	1				1	1
sub-43	1	12	4				1	0
sub-43	2	1	1				1	1
sub-43	2	2	4				1	0
sub-43	2	3	1				1	1
sub-43	2	4	4				1	0
sub-43	2	5	1				1	1
sub-43	2	6	1				1	1
sub-43	2	7	1				1	1
sub-43	2	8	4				1	0
sub-43	2	9	4				1	0
sub-43	2	10	4				1	0
sub-43	2	11	1				1	1
sub-43	2	12	1				1	1
sub-43	3	1	1				1	1
sub-43	3	2	1				1	1
sub-43	3	3	4				1	0
sub-43	3	4	1				1	1
sub-43	3	5	1				1	1
sub-43	3	6	1				1	1
sub-43	3	7	4				1	0
sub-43	3	8	2	4	3		1	0
sub-43	3	9	4				1	0
sub-43	3	10	1				1	1
sub-43	3	11	2				1	0
sub-43	3	12	1	4			1	0
sub-44	1	1	1				1	1
sub-44	1	2	4				1	0
sub-44	1	3	3				1	0
sub-44	1	4	2				1	0
sub-44	1	5	1				1	1
sub-44	1	6	2				1	0
sub-44	1	7	1				1	1
sub-44	1	8	4				1	0
sub-44	1	9	1				1	1
sub-44	1	10	1				1	1
sub-44	1	11	1				1	1
sub-44	1	12	1				1	1
sub-44	2	1	1				1	1
sub-44	2	2	2				1	0
sub-44	2	3	3				1	0
sub-44	2	4	4				1	0
sub-44	2	5	1				1	1
sub-44	2	6	1				1	1
sub-44	2	7	1				1	1
sub-44	2	8	3				1	0
sub-44	2	9	1				1	1
sub-44	2	10	1				1	1
sub-44	2	11	2				1	0
sub-44	2	12	1				1	1
sub-44	3	1	1				1	1
sub-44	3	2	3				1	0
sub-44	3	3	3				1	0
sub-44	3	4	1				1	1
sub-44	3	5	4				1	0
sub-44	3	6	3				1	0
sub-44	3	7	1				1	1
sub-44	3	8	4	3	1	2	1	0
sub-44	3	9	4				1	0
sub-44	3	10	1				1	1
sub-44	3	11	3				1	0
sub-44	3	12	1	4	2	3	1	0
sub-45	1	1	3				1	0
sub-45	1	2	1				1	1
sub-45	1	3	3				1	0
sub-45	1	4	3				1	0
sub-45	1	5	3				1	0
sub-45	1	6	2				1	0
sub-45	1	7	1				1	1
sub-45	1	8	3				1	0
sub-45	1	9	1				1	1
sub-45	1	10	4				1	0
sub-45	1	11	1				1	1
sub-45	1	12	1				1	1
sub-45	2	1	3				1	0
sub-45	2	2	2				1	0
sub-45	2	3	4				1	0
sub-45	2	4	4				1	0
sub-45	2	5	1				1	1
sub-45	2	6	1				1	1
sub-45	2	7	2				1	0
sub-45	2	8	2				1	0
sub-45	2	9	3				1	0
sub-45	2	10	1				1	1
sub-45	2	11	4				1	0
sub-45	2	12	1				1	1
sub-45	3	1	2	1			1	0
sub-45	3	2	1				1	1
sub-45	3	3	4				1	0
sub-45	3	4	1	4	3		1	0
sub-45	3	5	4				1	0
sub-45	3	6	1				1	1
sub-45	3	7	1				1	1
sub-45	3	8	4				1	0
sub-45	3	9	2	4			1	0
sub-45	3	10	2				1	0
sub-45	3	11	1	2			1	0
sub-45	3	12	2				1	0
sub-46	1	1	4				1	0
sub-46	1	2	3				1	0
sub-46	1	3	3				1	0
sub-46	1	4	3				1	0
sub-46	1	5	4				1	0
sub-46	1	6	1				1	1
sub-46	1	7	2				1	0
sub-46	1	8	2				1	0
sub-46	1	9	3				1	0
sub-46	1	10	4				1	0
sub-46	1	11	2				1	0
sub-46	1	12	4				1	0
sub-46	2	1	1				1	1
sub-46	2	2	4				1	0
sub-46	2	3	1				1	1
sub-46	2	4	1				1	1
sub-46	2	5	4				1	0
sub-46	2	6	4				1	0
sub-46	2	7	1				1	1
sub-46	2	8	1				1	1
sub-46	2	9	3				1	0
sub-46	2	10	4				1	0
sub-46	2	11	2				1	0
sub-46	2	12	1				1	1
sub-46	3	1	4				1	0
sub-46	3	2	2				1	0
sub-46	3	3	2				1	0
sub-46	3	4	4				1	0
sub-46	3	5	3				1	0
sub-46	3	6	1				1	1
sub-46	3	7	3				1	0
sub-46	3	8	1	3			1	0
sub-46	3	9	2				1	0
sub-46	3	10	4				1	0
sub-46	3	11	3				1	0
sub-46	3	12	3				1	0
sub-47	1	1	2				1	0
sub-47	1	2	3				1	0
sub-47	1	3	3				1	0
sub-47	1	4	4				1	0
sub-47	1	5	1				1	1
sub-47	1	6	4				1	0
sub-47	1	7	2				1	0
sub-47	1	8	2				1	0
sub-47	1	9	1				1	1
sub-47	1	10	4				1	0
sub-47	1	11	3				1	0
sub-47	1	12	4				1	0
sub-47	2	1	1				1	1
sub-47	2	2	4				1	0
sub-47	2	3	4				1	0
sub-47	2	4	4				1	0
sub-47	2	5	2				1	0
sub-47	2	6	1				1	1
sub-47	2	7	2				1	0
sub-47	2	8	4				1	0
sub-47	2	9	1				1	1
sub-47	2	10	1				1	1
sub-47	2	11	2				1	0
sub-47	2	12	1				1	1
sub-47	3	1	1				1	1
sub-47	3	2	2	3			1	0
sub-47	3	3	1				1	1
sub-47	3	4	2				1	0
sub-47	3	5	3				1	0
sub-47	3	6	2				1	0
sub-47	3	7	1				1	1
sub-47	3	8	2	4			1	0
sub-47	3	9	4				1	0
sub-47	3	10	1				1	1
sub-47	3	11	4				1	0
sub-47	3	12	4	3			1	0
sub-48	1	1	4				1	0
sub-48	1	2	4				1	0
sub-48	1	3	4				1	0
sub-48	1	4	1				1	1
sub-48	1	5	4				1	0
sub-48	1	6	1				1	1
sub-48	1	7	1				1	1
sub-48	1	8	1				1	1
sub-48	1	9	1				1	1
sub-48	1	10	4				1	0
sub-48	1	11	4				1	0
sub-48	1	12	1				1	1
sub-48	2	1	1				1	1
sub-48	2	2	4				1	0
sub-48	2	3	2				1	0
sub-48	2	4	4				1	0
sub-48	2	5	1				1	1
sub-48	2	6	1				1	1
sub-48	2	7	1				1	1
sub-48	2	8	1				1	1
sub-48	2	9	1				1	1
sub-48	2	10	1				1	1
sub-48	2	11	1				1	1
sub-48	2	12	1				1	1
sub-48	3	1	1				1	1
sub-48	3	2	1				1	1
sub-48	3	3	4				1	0
sub-48	3	4	3				1	0
sub-48	3	5	4				1	0
sub-48	3	6	3				1	0
sub-48	3	7	2				1	0
sub-48	3	8	4				1	0
sub-48	3	9	1				1	1
sub-48	3	10	1				1	1
sub-48	3	11	3				1	0
sub-48	3	12	2	4			1	0
sub-49	1	1	1				1	1
sub-49	1	2	3				1	0
sub-49	1	3	3				1	0
sub-49	1	4	3				1	0
sub-49	1	5	3				1	0
sub-49	1	6	1				1	1
sub-49	1	7	1				1	1
sub-49	1	8	1				1	1
sub-49	1	9	3				1	0
sub-49	1	10	4				1	0
sub-49	1	11	3				1	0
sub-49	1	12	4				1	0
sub-49	2	1	2				1	0
sub-49	2	2	4				1	0
sub-49	2	3	1				1	1
sub-49	2	4	3				1	0
sub-49	2	5	1				1	1
sub-49	2	6	1				1	1
sub-49	2	7	1				1	1
sub-49	2	8	2				1	0
sub-49	2	9	1				1	1
sub-49	2	10	2				1	0
sub-49	2	11	2				1	0
sub-49	2	12	3				1	0
sub-49	3	1	4				1	0
sub-49	3	2	3				1	0
sub-49	3	3	4				1	0
sub-49	3	4	3				1	0
sub-49	3	5	2				1	0
sub-49	3	6	4				1	0
sub-49	3	7	3				1	0
sub-49	3	8	4				1	0
sub-49	3	9	4				1	0
sub-49	3	10	3				1	0
sub-49	3	11	3				1	0
sub-49	3	12	2				1	0
