participant_id	stimulus_id	question_type	question_no	answer	correct_answer	is_correct
sub-02	1	domain	1	4	1	0
sub-02	1	domain	2	1	1	1
sub-02	1	domain	3	1	1	1
sub-02	1	domain	4	4	1	0
sub-02	1	domain	5	1	1	1
sub-02	1	domain	6	3	1	0
sub-02	1	domain	7	1	1	1
sub-02	1	domain	8	1	1	1
sub-02	1	domain	9	1	1	1
sub-02	1	domain	10	2	1	0
sub-02	1	domain	11	4	1	0
sub-02	1	memory	1	1	1	1
sub-02	1	memory	2	1	1	1
sub-02	1	memory	3	1	1	1
sub-02	1	memory	4	1	1	1
sub-02	1	memory	5	1	1	1
sub-02	1	memory	6	1	1	1
sub-02	1	memory	7	1	1	1
sub-02	1	memory	8	1	1	1
sub-02	1	memory	9	1	1	1
sub-02	1	memory	10	1	1	1
sub-02	1	memory	11	1	1	1
sub-02	1	memory	12	1	1	1
sub-02	2	domain	1	1	1	1
sub-02	2	domain	2	3	1	0
sub-02	2	domain	3	1	1	1
sub-02	2	domain	4	1	1	1
sub-02	2	domain	5	2	1	0
sub-02	2	domain	6	4	1	0
sub-02	2	domain	7	2	1	0
sub-02	2	domain	8	3	1	0
sub-02	2	domain	9	1	1	1
sub-02	2	domain	10	1	1	1
sub-02	2	memory	1	4	1	0
sub-02	2	memory	2	1	1	1
sub-02	2	memory	3	1	1	1
sub-02	2	memory	4	1	1	1
sub-02	2	memory	5	4	1	0
sub-02	2	memory	6	1	1	1
sub-02	2	memory	7	4	1	0
sub-02	2	memory	8	1	1	1
sub-02	2	memory	9	1	1	1
sub-02	2	memory	10	3	1	0
sub-02	2	memory	11	2	1	0
sub-02	3	domain	1	4	1	0
sub-02	3	domain	2	2	1	0
sub-02	3	domain	3	4	1	0
sub-02	3	domain	4	1	1	1
sub-02	3	domain	5	1	1	1
sub-02	3	domain	6	1	1	1
sub-02	3	domain	7	4	1	0
sub-02	3	domain	8	1	1	1
sub-02	3	domain	9	2	1	0
sub-02	3	memory	1	1	1	1
sub-02	3	memory	2	1	1	1
sub-02	3	memory	3	1	1	1
sub-02	3	memory	4	1	1	1
sub-02	3	memory	5	4	1	0
sub-02	3	memory	6	1	1	1
sub-02	3	memory	7	1	1	1
sub-02	3	memory	8	1	1	1
sub-02	3	memory	9	3	1	0
sub-02	3	memory	10	3	1	0
sub-02	3	memory	11	3	1	0
sub-02	3	memory	12	1	1	1
sub-02	4	domain	1	1	1	1
sub-02	4	domain	2	1	1	1
sub-02	4	domain	3	3	1	0
sub-02	4	domain	4	4	1	0
sub-02	4	domain	5	1	1	1
sub-02	4	domain	6	1	1	1
sub-02	4	domain	7	1	1	1
sub-02	4	domain	8	1	1	1
sub-02	4	domain	9	2	1	0
sub-02	4	memory	1	1	1	1
sub-02	4	memory	2	1	1	1
sub-02	4	memory	3	1	1	1
sub-02	4	memory	4	2	1	0
sub-02	4	memory	5	3	1	0
sub-02	4	memory	6	1	1	1
sub-02	4	memory	7	3	1	0
sub-02	4	memory	8	1	1	1
sub-02	4	memory	9	1	1	1
sub-02	4	memory	10	1	1	1
sub-02	4	memory	11	4	1	0
sub-02	4	memory	12	1	1	1
sub-02	5	domain	1	2	1	0
sub-02	5	domain	2	2	1	0
sub-02	5	domain	3	1	1	1
sub-02	5	domain	4	1	1	1
sub-02	5	domain	5	2	1	0
sub-02	5	domain	6	1	1	1
sub-02	5	domain	7	1	1	1
sub-02	5	domain	8	1	1	1
sub-02	5	memory	1	1	1	1
sub-02	5	memory	2	1	1	1
sub-02	5	memory	3	1	1	1
sub-02	5	memory	4	1	1	1
sub-02	5	memory	5	1	1	1
sub-02	5	memory	6	1	1	1
sub-02	5	memory	7	1	1	1
sub-02	5	memory	8	1	1	1
sub-02	5	memory	9	2	1	0
sub-02	5	memory	10	1	1	1
sub-02	5	memory	11	1	1	1
sub-02	5	memory	12	1	1	1
sub-03	1	domain	1	1	1	1
sub-03	1	domain	2	1	1	1
sub-03	1	domain	3	4	1	0
sub-03	1	domain	4	1	1	1
sub-03	1	domain	5	1	1	1
sub-03	1	domain	6	3	1	0
sub-03	1	domain	7	4	1	0
sub-03	1	domain	8	1	1	1
sub-03	1	domain	9	1	1	1
sub-03	1	domain	10	1	1	1
sub-03	1	domain	11	4	1	0
sub-03	1	memory	1	3	1	0
sub-03	1	memory	2	4	1	0
sub-03	1	memory	3	1	1	1
sub-03	1	memory	4	1	1	1
sub-03	1	memory	5	1	1	1
sub-03	1	memory	6	1	1	1
sub-03	1	memory	7	1	1	1
sub-03	1	memory	8	4	1	0
sub-03	1	memory	9	3	1	0
sub-03	1	memory	10	1	1	1
sub-03	1	memory	11	1	1	1
sub-03	1	memory	12	1	1	1
sub-03	2	domain	1	4	1	0
sub-03	2	domain	2	1	1	1
sub-03	2	domain	3	2	1	0
sub-03	2	domain	4	1	1	1
sub-03	2	domain	5	2	1	0
sub-03	2	domain	6	1	1	1
sub-03	2	domain	7	1	1	1
sub-03	2	domain	8	3	1	0
sub-03	2	domain	9	1	1	1
sub-03	2	domain	10	1	1	1
sub-03	2	memory	1	2	1	0
sub-03	2	memory	2	1	1	1
sub-03	2	memory	3	2	1	0
sub-03	2	memory	4	4	1	0
sub-03	2	memory	5	1	1	1
sub-03	2	memory	6	1	1	1
sub-03	2	memory	7	1	1	1
sub-03	2	memory	8	1	1	1
sub-03	2	memory	9	1	1	1
sub-03	2	memory	10	1	1	1
sub-03	2	memory	11	1	1	1
sub-03	3	domain	1	1	1	1
sub-03	3	domain	2	1	1	1
sub-03	3	domain	3	1	1	1
sub-03	3	domain	4	1	1	1
sub-03	3	domain	5	1	1	1
sub-03	3	domain	6	3	1	0
sub-03	3	domain	7	1	1	1
sub-03	3	domain	8	1	1	1
sub-03	3	domain	9	1	1	1
sub-03	3	memory	1	1	1	1
sub-03	3	memory	2	3	1	0
sub-03	3	memory	3	1	1	1
sub-03	3	memory	4	1	1	1
sub-03	3	memory	5	1	1	1
sub-03	3	memory	6	1	1	1
sub-03	3	memory	7	4	1	0
sub-03	3	memory	8	2	1	0
sub-03	3	memory	9	1	1	1
sub-03	3	memory	10	1	1	1
sub-03	3	memory	11	1	1	1
sub-03	3	memory	12	1	1	1
sub-03	4	domain	1	1	1	1
sub-03	4	domain	2	1	1	1
sub-03	4	domain	3	1	1	1
sub-03	4	domain	4	1	1	1
sub-03	4	domain	5	1	1	1
sub-03	4	domain	6	1	1	1
sub-03	4	domain	7	4	1	0
sub-03	4	domain	8	1	1	1
sub-03	4	domain	9	1	1	1
sub-03	4	memory	1	4	1	0
sub-03	4	memory	2	1	1	1
sub-03	4	memory	3	1	1	1
sub-03	4	memory	4	1	1	1
sub-03	4	memory	5	2	1	0
sub-03	4	memory	6	4	1	0
sub-03	4	memory	7	1	1	1
sub-03	4	memory	8	1	1	1
sub-03	4	memory	9	1	1	1
sub-03	4	memory	10	2	1	0
sub-03	4	memory	11	1	1	1
sub-03	4	memory	12	1	1	1
sub-03	5	domain	1	2	1	0
sub-03	5	domain	2	2	1	0
sub-03	5	domain	3	1	1	1
sub-03	5	domain	4	2	1	0
sub-03	5	domain	5	1	1	1
sub-03	5	domain	6	2	1	0
sub-03	5	domain	7	3	1	0
sub-03	5	domain	8	4	1	0
sub-03	5	memory	1	1	1	1
sub-03	5	memory	2	1	1	1
sub-03	5	memory	3	4	1	0
sub-03	5	memory	4	1	1	1
sub-03	5	memory	5	2	1	0
sub-03	5	memory	6	1	1	1
sub-03	5	memory	7	1	1	1
sub-03	5	memory	8	3	1	0
sub-03	5	memory	9	1	1	1
sub-03	5	memory	10	1	1	1
sub-03	5	memory	11	1	1	1
sub-03	5	memory	12	1	1	1
sub-04	1	domain	1	1	1	1
sub-04	1	domain	2	4	1	0
sub-04	1	domain	3	1	1	1
sub-04	1	domain	4	1	1	1
sub-04	1	domain	5	1	1	1
sub-04	1	domain	6	1	1	1
sub-04	1	domain	7	1	1	1
sub-04	1	domain	8	3	1	0
sub-04	1	domain	9	1	1	1
sub-04	1	domain	10	4	1	0
sub-04	1	domain	11	1	1	1
sub-04	1	memory	1	1	1	1
sub-04	1	memory	2	3	1	0
sub-04	1	memory	3	1	1	1
sub-04	1	memory	4	1	1	1
sub-04	1	memory	5	4	1	0
sub-04	1	memory	6	4	1	0
sub-04	1	memory	7	1	1	1
sub-04	1	memory	8	1	1	1
sub-04	1	memory	9	4	1	0
sub-04	1	memory	10	1	1	1
sub-04	1	memory	11	1	1	1
sub-04	1	memory	12	1	1	1
sub-04	2	domain	1	2	1	0
sub-04	2	domain	2	2	1	0
sub-04	2	domain	3	1	1	1
sub-04	2	domain	4	1	1	1
sub-04	2	domain	5	2	1	0
sub-04	2	domain	6	1	1	1
sub-04	2	domain	7	1	1	1
sub-04	2	domain	8	1	1	1
sub-04	2	domain	9	1	1	1
sub-04	2	domain	10	1	1	1
sub-04	2	memory	1	1	1	1
sub-04	2	memory	2	1	1	1
sub-04	2	memory	3	1	1	1
sub-04	2	memory	4	1	1	1
sub-04	2	memory	5	4	1	0
sub-04	2	memory	6	1	1	1
sub-04	2	memory	7	4	1	0
sub-04	2	memory	8	1	1	1
sub-04	2	memory	9	1	1	1
sub-04	2	memory	10	1	1	1
sub-04	2	memory	11	3	1	0
sub-04	3	domain	1	1	1	1
sub-04	3	domain	2	1	1	1
sub-04	3	domain	3	1	1	1
sub-04	3	domain	4	1	1	1
sub-04	3	domain	5	1	1	1
sub-04	3	domain	6	1	1	1
sub-04	3	domain	7	1	1	1
sub-04	3	domain	8	4	1	0
sub-04	3	domain	9	4	1	0
sub-04	3	memory	1	1	1	1
sub-04	3	memory	2	1	1	1
sub-04	3	memory	3	1	1	1
sub-04	3	memory	4	1	1	1
sub-04	3	memory	5	1	1	1
sub-04	3	memory	6	4	1	0
sub-04	3	memory	7	1	1	1
sub-04	3	memory	8	1	1	1
sub-04	3	memory	9	4	1	0
sub-04	3	memory	10	1	1	1
sub-04	3	memory	11	3	1	0
sub-04	3	memory	12	1	1	1
sub-04	4	domain	1	3	1	0
sub-04	4	domain	2	1	1	1
sub-04	4	domain	3	1	1	1
sub-04	4	domain	4	1	1	1
sub-04	4	domain	5	4	1	0
sub-04	4	domain	6	1	1	1
sub-04	4	domain	7	3	1	0
sub-04	4	domain	8	4	1	0
sub-04	4	domain	9	1	1	1
sub-04	4	memory	1	1	1	1
sub-04	4	memory	2	1	1	1
sub-04	4	memory	3	1	1	1
sub-04	4	memory	4	1	1	1
sub-04	4	memory	5	1	1	1
sub-04	4	memory	6	1	1	1
sub-04	4	memory	7	1	1	1
sub-04	4	memory	8	1	1	1
sub-04	4	memory	9	1	1	1
sub-04	4	memory	10	1	1	1
sub-04	4	memory	11	1	1	1
sub-04	4	memory	12	1	1	1
sub-04	5	domain	1	1	1	1
sub-04	5	domain	2	2	1	0
sub-04	5	domain	3	4	1	0
sub-04	5	domain	4	1	1	1
sub-04	5	domain	5	1	1	1
sub-04	5	domain	6	2	1	0
sub-04	5	domain	7	1	1	1
sub-04	5	domain	8	1	1	1
sub-04	5	memory	1	1	1	1
sub-04	5	memory	2	4	1	0
sub-04	5	memory	3	1	1	1
sub-04	5	memory	4	1	1	1
sub-04	5	memory	5	1	1	1
sub-04	5	memory	6	1	1	1
sub-04	5	memory	7	1	1	1
sub-04	5	memory	8	1	1	1
sub-04	5	memory	9	1	1	1
sub-04	5	memory	10	1	1	1
sub-04	5	memory	11	1	1	1
sub-04	5	memory	12	4	1	0
sub-05	1	domain	1	1	1	1
sub-05	1	domain	2	1	1	1
sub-05	1	domain	3	4	1	0
sub-05	1	domain	4	1	1	1
sub-05	1	domain	5	1	1	1
sub-05	1	domain	6	1	1	1
sub-05	1	domain	7	1	1	1
sub-05	1	domain	8	4	1	0
sub-05	1	domain	9	1	1	1
sub-05	1	domain	10	1	1	1
sub-05	1	domain	11	1	1	1
sub-05	1	memory	1	1	1	1
sub-05	1	memory	2	1	1	1
sub-05	1	memory	3	1	1	1
sub-05	1	memory	4	1	1	1
sub-05	1	memory	5	1	1	1
sub-05	1	memory	6	1	1	1
sub-05	1	memory	7	1	1	1
sub-05	1	memory	8	2	1	0
sub-05	1	memory	9	1	1	1
sub-05	1	memory	10	1	1	1
sub-05	1	memory	11	1	1	1
sub-05	1	memory	12	1	1	1
sub-05	2	domain	1	1	1	1
sub-05	2	domain	2	3	1	0
sub-05	2	domain	3	2	1	0
sub-05	2	domain	4	2	1	0
sub-05	2	domain	5	1	1	1
sub-05	2	domain	6	1	1	1
sub-05	2	domain	7	4	1	0
sub-05	2	domain	8	1	1	1
sub-05	2	domain	9	3	1	0
sub-05	2	domain	10	1	1	1
sub-05	2	memory	1	1	1	1
sub-05	2	memory	2	1	1	1
sub-05	2	memory	3	1	1	1
sub-05	2	memory	4	1	1	1
sub-05	2	memory	5	1	1	1
sub-05	2	memory	6	1	1	1
sub-05	2	memory	7	4	1	0
sub-05	2	memory	8	1	1	1
sub-05	2	memory	9	1	1	1
sub-05	2	memory	10	4	1	0
sub-05	2	memory	11	1	1	1
sub-05	3	domain	1	1	1	1
sub-05	3	domain	2	1	1	1
sub-05	3	domain	3	1	1	1
sub-05	3	domain	4	1	1	1
sub-05	3	domain	5	1	1	1
sub-05	3	domain	6	3	1	0
sub-05	3	domain	7	1	1	1
sub-05	3	domain	8	1	1	1
sub-05	3	domain	9	1	1	1
sub-05	3	memory	1	1	1	1
sub-05	3	memory	2	3	1	0
sub-05	3	memory	3	1	1	1
sub-05	3	memory	4	1	1	1
sub-05	3	memory	5	3	1	0
sub-05	3	memory	6	1	1	1
sub-05	3	memory	7	1	1	1
sub-05	3	memory	8	1	1	1
sub-05	3	memory	9	4	1	0
sub-05	3	memory	10	1	1	1
sub-05	3	memory	11	1	1	1
sub-05	3	memory	12	1	1	1
sub-05	4	domain	1	1	1	1
sub-05	4	domain	2	1	1	1
sub-05	4	domain	3	1	1	1
sub-05	4	domain	4	3	1	0
sub-05	4	domain	5	1	1	1
sub-05	4	domain	6	4	1	0
sub-05	4	domain	7	1	1	1
sub-05	4	domain	8	4	1	0
sub-05	4	domain	9	1	1	1
sub-05	4	memory	1	4	1	0
sub-05	4	memory	2	1	1	1
sub-05	4	memory	3	1	1	1
sub-05	4	memory	4	1	1	1
sub-05	4	memory	5	4	1	0
sub-05	4	memory	6	1	1	1
sub-05	4	memory	7	1	1	1
sub-05	4	memory	8	1	1	1
sub-05	4	memory	9	1	1	1
sub-05	4	memory	10	1	1	1
sub-05	4	memory	11	1	1	1
sub-05	4	memory	12	1	1	1
sub-05	5	domain	1	4	1	0
sub-05	5	domain	2	2	1	0
sub-05	5	domain	3	3	1	0
sub-05	5	domain	4	1	1	1
sub-05	5	domain	5	1	1	1
sub-05	5	domain	6	1	1	1
sub-05	5	domain	7	2	1	0
sub-05	5	domain	8	2	1	0
sub-05	5	memory	1	1	1	1
sub-05	5	memory	2	1	1	1
sub-05	5	memory	3	1	1	1
sub-05	5	memory	4	1	1	1
sub-05	5	memory	5	1	1	1
sub-05	5	memory	6	1	1	1
sub-05	5	memory	7	1	1	1
sub-05	5	memory	8	1	1	1
sub-05	5	memory	9	1	1	1
sub-05	5	memory	10	1	1	1
sub-05	5	memory	11	1	1	1
sub-05	5	memory	12	1	1	1
sub-06	1	domain	1	3	1	0
sub-06	1	domain	2	4	1	0
sub-06	1	domain	3	1	1	1
sub-06	1	domain	4	4	1	0
sub-06	1	domain	5	1	1	1
sub-06	1	domain	6	4	1	0
sub-06	1	domain	7	4	1	0
sub-06	1	domain	8	1	1	1
sub-06	1	domain	9	3	1	0
sub-06	1	domain	10	2	1	0
sub-06	1	domain	11	4	1	0
sub-06	1	memory	1	2	1	0
sub-06	1	memory	2	1	1	1
sub-06	1	memory	3	1	1	1
sub-06	1	memory	4	1	1	1
sub-06	1	memory	5	1	1	1
sub-06	1	memory	6	1	1	1
sub-06	1	memory	7	1	1	1
sub-06	1	memory	8	1	1	1
sub-06	1	memory	9	1	1	1
sub-06	1	memory	10	1	1	1
sub-06	1	memory	11	1	1	1
sub-06	1	memory	12	3	1	0
sub-06	2	domain	1	1	1	1
sub-06	2	domain	2	2	1	0
sub-06	2	domain	3	1	1	1
sub-06	2	domain	4	3	1	0
sub-06	2	domain	5	1	1	1
sub-06	2	domain	6	4	1	0
sub-06	2	domain	7	1	1	1
sub-06	2	domain	8	2	1	0
sub-06	2	domain	9	2	1	0
sub-06	2	domain	10	4	1	0
sub-06	2	memory	1	1	1	1
sub-06	2	memory	2	4	1	0
sub-06	2	memory	3	2	1	0
sub-06	2	memory	4	2	1	0
sub-06	2	memory	5	1	1	1
sub-06	2	memory	6	1	1	1
sub-06	2	memory	7	1	1	1
sub-06	2	memory	8	1	1	1
sub-06	2	memory	9	1	1	1
sub-06	2	memory	10	1	1	1
sub-06	2	memory	11	3	1	0
sub-06	3	domain	1	3	1	0
sub-06	3	domain	2	4	1	0
sub-06	3	domain	3	1	1	1
sub-06	3	domain	4	1	1	1
sub-06	3	domain	5	1	1	1
sub-06	3	domain	6	3	1	0
sub-06	3	domain	7	4	1	0
sub-06	3	domain	8	1	1	1
sub-06	3	domain	9	2	1	0
sub-06	3	memory	1	1	1	1
sub-06	3	memory	2	1	1	1
sub-06	3	memory	3	1	1	1
sub-06	3	memory	4	1	1	1
sub-06	3	memory	5	1	1	1
sub-06	3	memory	6	4	1	0
sub-06	3	memory	7	1	1	1
sub-06	3	memory	8	4	1	0
sub-06	3	memory	9	3	1	0
sub-06	3	memory	10	1	1	1
sub-06	3	memory	11	1	1	1
sub-06	3	memory	12	3	1	0
sub-06	4	domain	1	1	1	1
sub-06	4	domain	2	4	1	0
sub-06	4	domain	3	1	1	1
sub-06	4	domain	4	2	1	0
sub-06	4	domain	5	1	1	1
sub-06	4	domain	6	1	1	1
sub-06	4	domain	7	2	1	0
sub-06	4	domain	8	2	1	0
sub-06	4	domain	9	2	1	0
sub-06	4	memory	1	2	1	0
sub-06	4	memory	2	2	1	0
sub-06	4	memory	3	4	1	0
sub-06	4	memory	4	1	1	1
sub-06	4	memory	5	4	1	0
sub-06	4	memory	6	3	1	0
sub-06	4	memory	7	1	1	1
sub-06	4	memory	8	1	1	1
sub-06	4	memory	9	1	1	1
sub-06	4	memory	10	2	1	0
sub-06	4	memory	11	1	1	1
sub-06	4	memory	12	3	1	0
sub-06	5	domain	1	1	1	1
sub-06	5	domain	2	4	1	0
sub-06	5	domain	3	2	1	0
sub-06	5	domain	4	1	1	1
sub-06	5	domain	5	3	1	0
sub-06	5	domain	6	3	1	0
sub-06	5	domain	7	3	1	0
sub-06	5	domain	8	4	1	0
sub-06	5	memory	1	1	1	1
sub-06	5	memory	2	1	1	1
sub-06	5	memory	3	1	1	1
sub-06	5	memory	4	1	1	1
sub-06	5	memory	5	1	1	1
sub-06	5	memory	6	1	1	1
sub-06	5	memory	7	1	1	1
sub-06	5	memory	8	1	1	1
sub-06	5	memory	9	3	1	0
sub-06	5	memory	10	1	1	1
sub-06	5	memory	11	1	1	1
sub-06	5	memory	12	1	1	1
sub-07	1	domain	1	1	1	1
sub-07	1	domain	2	1	1	1
sub-07	1	domain	3	1	1	1
sub-07	1	domain	4	4	1	0
sub-07	1	domain	5	1	1	1
sub-07	1	domain	6	1	1	1
sub-07	1	domain	7	4	1	0
sub-07	1	domain	8	1	1	1
sub-07	1	domain	9	1	1	1
sub-07	1	domain	10	1	1	1
sub-07	1	domain	11	1	1	1
sub-07	1	memory	1	1	1	1
sub-07	1	memory	2	1	1	1
sub-07	1	memory	3	1	1	1
sub-07	1	memory	4	1	1	1
sub-07	1	memory	5	1	1	1
sub-07	1	memory	6	4	1	0
sub-07	1	memory	7	1	1	1
sub-07	1	memory	8	1	1	1
sub-07	1	memory	9	1	1	1
sub-07	1	memory	10	1	1	1
sub-07	1	memory	11	1	1	1
sub-07	1	memory	12	1	1	1
sub-07	2	domain	1	2	1	0
sub-07	2	domain	2	4	1	0
sub-07	2	domain	3	1	1	1
sub-07	2	domain	4	1	1	1
sub-07	2	domain	5	1	1	1
sub-07	2	domain	6	1	1	1
sub-07	2	domain	7	2	1	0
sub-07	2	domain	8	1	1	1
sub-07	2	domain	9	1	1	1
sub-07	2	domain	10	3	1	0
sub-07	2	memory	1	1	1	1
sub-07	2	memory	2	1	1	1
sub-07	2	memory	3	1	1	1
sub-07	2	memory	4	1	1	1
sub-07	2	memory	5	1	1	1
sub-07	2	memory	6	1	1	1
sub-07	2	memory	7	1	1	1
sub-07	2	memory	8	1	1	1
sub-07	2	memory	9	1	1	1
sub-07	2	memory	10	1	1	1
sub-07	2	memory	11	1	1	1
sub-07	3	domain	1	1	1	1
sub-07	3	domain	2	1	1	1
sub-07	3	domain	3	1	1	1
sub-07	3	domain	4	1	1	1
sub-07	3	domain	5	1	1	1
sub-07	3	domain	6	1	1	1
sub-07	3	domain	7	1	1	1
sub-07	3	domain	8	2	1	0
sub-07	3	domain	9	1	1	1
sub-07	3	memory	1	1	1	1
sub-07	3	memory	2	1	1	1
sub-07	3	memory	3	2	1	0
sub-07	3	memory	4	1	1	1
sub-07	3	memory	5	1	1	1
sub-07	3	memory	6	1	1	1
sub-07	3	memory	7	1	1	1
sub-07	3	memory	8	1	1	1
sub-07	3	memory	9	1	1	1
sub-07	3	memory	10	1	1	1
sub-07	3	memory	11	1	1	1
sub-07	3	memory	12	4	1	0
sub-07	4	domain	1	1	1	1
sub-07	4	domain	2	1	1	1
sub-07	4	domain	3	1	1	1
sub-07	4	domain	4	2	1	0
sub-07	4	domain	5	1	1	1
sub-07	4	domain	6	1	1	1
sub-07	4	domain	7	4	1	0
sub-07	4	domain	8	1	1	1
sub-07	4	domain	9	1	1	1
sub-07	4	memory	1	1	1	1
sub-07	4	memory	2	3	1	0
sub-07	4	memory	3	1	1	1
sub-07	4	memory	4	1	1	1
sub-07	4	memory	5	1	1	1
sub-07	4	memory	6	1	1	1
sub-07	4	memory	7	1	1	1
sub-07	4	memory	8	1	1	1
sub-07	4	memory	9	1	1	1
sub-07	4	memory	10	1	1	1
sub-07	4	memory	11	1	1	1
sub-07	4	memory	12	1	1	1
sub-07	5	domain	1	3	1	0
sub-07	5	domain	2	1	1	1
sub-07	5	domain	3	1	1	1
sub-07	5	domain	4	1	1	1
sub-07	5	domain	5	2	1	0
sub-07	5	domain	6	4	1	0
sub-07	5	domain	7	1	1	1
sub-07	5	domain	8	1	1	1
sub-07	5	memory	1	1	1	1
sub-07	5	memory	2	1	1	1
sub-07	5	memory	3	1	1	1
sub-07	5	memory	4	1	1	1
sub-07	5	memory	5	1	1	1
sub-07	5	memory	6	1	1	1
sub-07	5	memory	7	1	1	1
sub-07	5	memory	8	1	1	1
sub-07	5	memory	9	1	1	1
sub-07	5	memory	10	1	1	1
sub-07	5	memory	11	1	1	1
sub-07	5	memory	12	1	1	1
sub-08	1	domain	1	1	1	1
sub-08	1	domain	2	4	1	0
sub-08	1	domain	3	1	1	1
sub-08	1	domain	4	4	1	0
sub-08	1	domain	5	1	1	1
sub-08	1	domain	6	1	1	1
sub-08	1	domain	7	4	1	0
sub-08	1	domain	8	1	1	1
sub-08	1	domain	9	2	1	0
sub-08	1	domain	10	1	1	1
sub-08	1	domain	11	1	1	1
sub-08	1	memory	1	1	1	1
sub-08	1	memory	2	1	1	1
sub-08	1	memory	3	3	1	0
sub-08	1	memory	4	1	1	1
sub-08	1	memory	5	1	1	1
sub-08	1	memory	6	1	1	1
sub-08	1	memory	7	4	1	0
sub-08	1	memory	8	3	1	0
sub-08	1	memory	9	1	1	1
sub-08	1	memory	10	1	1	1
sub-08	1	memory	11	1	1	1
sub-08	1	memory	12	1	1	1
sub-08	2	domain	1	1	1	1
sub-08	2	domain	2	3	1	0
sub-08	2	domain	3	1	1	1
sub-08	2	domain	4	3	1	0
sub-08	2	domain	5	2	1	0
sub-08	2	domain	6	3	1	0
sub-08	2	domain	7	1	1	1
sub-08	2	domain	8	2	1	0
sub-08	2	domain	9	1	1	1
sub-08	2	domain	10	1	1	1
sub-08	2	memory	1	1	1	1
sub-08	2	memory	2	1	1	1
sub-08	2	memory	3	1	1	1
sub-08	2	memory	4	4	1	0
sub-08	2	memory	5	1	1	1
sub-08	2	memory	6	1	1	1
sub-08	2	memory	7	1	1	1
sub-08	2	memory	8	2	1	0
sub-08	2	memory	9	1	1	1
sub-08	2	memory	10	1	1	1
sub-08	2	memory	11	1	1	1
sub-08	3	domain	1	2	1	0
sub-08	3	domain	2	1	1	1
sub-08	3	domain	3	2	1	0
sub-08	3	domain	4	1	1	1
sub-08	3	domain	5	4	1	0
sub-08	3	domain	6	1	1	1
sub-08	3	domain	7	1	1	1
sub-08	3	domain	8	1	1	1
sub-08	3	domain	9	1	1	1
sub-08	3	memory	1	1	1	1
sub-08	3	memory	2	1	1	1
sub-08	3	memory	3	4	1	0
sub-08	3	memory	4	1	1	1
sub-08	3	memory	5	1	1	1
sub-08	3	memory	6	1	1	1
sub-08	3	memory	7	1	1	1
sub-08	3	memory	8	1	1	1
sub-08	3	memory	9	1	1	1
sub-08	3	memory	10	3	1	0
sub-08	3	memory	11	1	1	1
sub-08	3	memory	12	1	1	1
sub-08	4	domain	1	1	1	1
sub-08	4	domain	2	4	1	0
sub-08	4	domain	3	1	1	1
sub-08	4	domain	4	1	1	1
sub-08	4	domain	5	1	1	1
sub-08	4	domain	6	1	1	1
sub-08	4	domain	7	1	1	1
sub-08	4	domain	8	4	1	0
sub-08	4	domain	9	1	1	1
sub-08	4	memory	1	4	1	0
sub-08	4	memory	2	1	1	1
sub-08	4	memory	3	1	1	1
sub-08	4	memory	4	1	1	1
sub-08	4	memory	5	1	1	1
sub-08	4	memory	6	4	1	0
sub-08	4	memory	7	1	1	1
sub-08	4	memory	8	1	1	1
sub-08	4	memory	9	1	1	1
sub-08	4	memory	10	1	1	1
sub-08	4	memory	11	4	1	0
sub-08	4	memory	12	2	1	0
sub-08	5	domain	1	4	1	0
sub-08	5	domain	2	4	1	0
sub-08	5	domain	3	1	1	1
sub-08	5	domain	4	2	1	0
sub-08	5	domain	5	2	1	0
sub-08	5	domain	6	1	1	1
sub-08	5	domain	7	1	1	1
sub-08	5	domain	8	3	1	0
sub-08	5	memory	1	1	1	1
sub-08	5	memory	2	1	1	1
sub-08	5	memory	3	1	1	1
sub-08	5	memory	4	1	1	1
sub-08	5	memory	5	1	1	1
sub-08	5	memory	6	1	1	1
sub-08	5	memory	7	1	1	1
sub-08	5	memory	8	1	1	1
sub-08	5	memory	9	1	1	1
sub-08	5	memory	10	1	1	1
sub-08	5	memory	11	1	1	1
sub-08	5	memory	12	1	1	1
sub-09	1	domain	1	4	1	0
sub-09	1	domain	2	4	1	0
sub-09	1	domain	3	4	1	0
sub-09	1	domain	4	4	1	0
sub-09	1	domain	5	4	1	0
sub-09	1	domain	6	3	1	0
sub-09	1	domain	7	4	1	0
sub-09	1	domain	8	2	1	0
sub-09	1	domain	9	4	1	0
sub-09	1	domain	10	4	1	0
sub-09	1	domain	11	4	1	0
sub-09	1	memory	1	1	1	1
sub-09	1	memory	2	1	1	1
sub-09	1	memory	3	1	1	1
sub-09	1	memory	4	1	1	1
sub-09	1	memory	5	1	1	1
sub-09	1	memory	6	2	1	0
sub-09	1	memory	7	1	1	1
sub-09	1	memory	8	3	1	0
sub-09	1	memory	9	1	1	1
sub-09	1	memory	10	1	1	1
sub-09	1	memory	11	4	1	0
sub-09	1	memory	12	2	1	0
sub-09	2	domain	1	1	1	1
sub-09	2	domain	2	4	1	0
sub-09	2	domain	3	2	1	0
sub-09	2	domain	4	1	1	1
sub-09	2	domain	5	1	1	1
sub-09	2	domain	6	1	1	1
sub-09	2	domain	7	2	1	0
sub-09	2	domain	8	1	1	1
sub-09	2	domain	9	2	1	0
sub-09	2	domain	10	1	1	1
sub-09	2	memory	1	1	1	1
sub-09	2	memory	2	1	1	1
sub-09	2	memory	3	1	1	1
sub-09	2	memory	4	1	1	1
sub-09	2	memory	5	1	1	1
sub-09	2	memory	6	1	1	1
sub-09	2	memory	7	2	1	0
sub-09	2	memory	8	1	1	1
sub-09	2	memory	9	1	1	1
sub-09	2	memory	10	1	1	1
sub-09	2	memory	11	2	1	0
sub-09	3	domain	1	1	1	1
sub-09	3	domain	2	3	1	0
sub-09	3	domain	3	2	1	0
sub-09	3	domain	4	4	1	0
sub-09	3	domain	5	1	1	1
sub-09	3	domain	6	1	1	1
sub-09	3	domain	7	1	1	1
sub-09	3	domain	8	3	1	0
sub-09	3	domain	9	2	1	0
sub-09	3	memory	1	4	1	0
sub-09	3	memory	2	2	1	0
sub-09	3	memory	3	3	1	0
sub-09	3	memory	4	4	1	0
sub-09	3	memory	5	2	1	0
sub-09	3	memory	6	2	1	0
sub-09	3	memory	7	1	1	1
sub-09	3	memory	8	1	1	1
sub-09	3	memory	9	1	1	1
sub-09	3	memory	10	1	1	1
sub-09	3	memory	11	1	1	1
sub-09	3	memory	12	1	1	1
sub-09	4	domain	1	1	1	1
sub-09	4	domain	2	4	1	0
sub-09	4	domain	3	1	1	1
sub-09	4	domain	4	1	1	1
sub-09	4	domain	5	2	1	0
sub-09	4	domain	6	4	1	0
sub-09	4	domain	7	1	1	1
sub-09	4	domain	8	3	1	0
sub-09	4	domain	9	1	1	1
sub-09	4	memory	1	4	1	0
sub-09	4	memory	2	1	1	1
sub-09	4	memory	3	1	1	1
sub-09	4	memory	4	1	1	1
sub-09	4	memory	5	1	1	1
sub-09	4	memory	6	1	1	1
sub-09	4	memory	7	3	1	0
sub-09	4	memory	8	1	1	1
sub-09	4	memory	9	1	1	1
sub-09	4	memory	10	1	1	1
sub-09	4	memory	11	1	1	1
sub-09	4	memory	12	3	1	0
sub-09	5	domain	1	2	1	0
sub-09	5	domain	2	2	1	0
sub-09	5	domain	3	1	1	1
sub-09	5	domain	4	1	1	1
sub-09	5	domain	5	3	1	0
sub-09	5	domain	6	4	1	0
sub-09	5	domain	7	1	1	1
sub-09	5	domain	8	2	1	0
sub-09	5	memory	1	1	1	1
sub-09	5	memory	2	1	1	1
sub-09	5	memory	3	2	1	0
sub-09	5	memory	4	1	1	1
sub-09	5	memory	5	1	1	1
sub-09	5	memory	6	1	1	1
sub-09	5	memory	7	1	1	1
sub-09	5	memory	8	1	1	1
sub-09	5	memory	9	1	1	1
sub-09	5	memory	10	2	1	0
sub-09	5	memory	11	1	1	1
sub-09	5	memory	12	2	1	0
sub-10	1	domain	1	4	1	0
sub-10	1	domain	2	1	1	1
sub-10	1	domain	3	1	1	1
sub-10	1	domain	4	4	1	0
sub-10	1	domain	5	4	1	0
sub-10	1	domain	6	1	1	1
sub-10	1	domain	7	1	1	1
sub-10	1	domain	8	1	1	1
sub-10	1	domain	9	1	1	1
sub-10	1	domain	10	4	1	0
sub-10	1	domain	11	4	1	0
sub-10	1	memory	1	1	1	1
sub-10	1	memory	2	4	1	0
sub-10	1	memory	3	4	1	0
sub-10	1	memory	4	3	1	0
sub-10	1	memory	5	1	1	1
sub-10	1	memory	6	1	1	1
sub-10	1	memory	7	1	1	1
sub-10	1	memory	8	3	1	0
sub-10	1	memory	9	1	1	1
sub-10	1	memory	10	4	1	0
sub-10	1	memory	11	1	1	1
sub-10	1	memory	12	1	1	1
sub-10	2	domain	1	1	1	1
sub-10	2	domain	2	1	1	1
sub-10	2	domain	3	1	1	1
sub-10	2	domain	4	1	1	1
sub-10	2	domain	5	1	1	1
sub-10	2	domain	6	1	1	1
sub-10	2	domain	7	1	1	1
sub-10	2	domain	8	2	1	0
sub-10	2	domain	9	3	1	0
sub-10	2	domain	10	1	1	1
sub-10	2	memory	1	1	1	1
sub-10	2	memory	2	1	1	1
sub-10	2	memory	3	4	1	0
sub-10	2	memory	4	1	1	1
sub-10	2	memory	5	1	1	1
sub-10	2	memory	6	3	1	0
sub-10	2	memory	7	1	1	1
sub-10	2	memory	8	1	1	1
sub-10	2	memory	9	2	1	0
sub-10	2	memory	10	1	1	1
sub-10	2	memory	11	1	1	1
sub-10	3	domain	1	1	1	1
sub-10	3	domain	2	1	1	1
sub-10	3	domain	3	3	1	0
sub-10	3	domain	4	1	1	1
sub-10	3	domain	5	1	1	1
sub-10	3	domain	6	4	1	0
sub-10	3	domain	7	1	1	1
sub-10	3	domain	8	1	1	1
sub-10	3	domain	9	1	1	1
sub-10	3	memory	1	4	1	0
sub-10	3	memory	2	1	1	1
sub-10	3	memory	3	1	1	1
sub-10	3	memory	4	3	1	0
sub-10	3	memory	5	1	1	1
sub-10	3	memory	6	1	1	1
sub-10	3	memory	7	1	1	1
sub-10	3	memory	8	1	1	1
sub-10	3	memory	9	1	1	1
sub-10	3	memory	10	1	1	1
sub-10	3	memory	11	4	1	0
sub-10	3	memory	12	3	1	0
sub-10	4	domain	1	2	1	0
sub-10	4	domain	2	1	1	1
sub-10	4	domain	3	1	1	1
sub-10	4	domain	4	1	1	1
sub-10	4	domain	5	1	1	1
sub-10	4	domain	6	1	1	1
sub-10	4	domain	7	4	1	0
sub-10	4	domain	8	1	1	1
sub-10	4	domain	9	1	1	1
sub-10	4	memory	1	3	1	0
sub-10	4	memory	2	1	1	1
sub-10	4	memory	3	3	1	0
sub-10	4	memory	4	1	1	1
sub-10	4	memory	5	1	1	1
sub-10	4	memory	6	2	1	0
sub-10	4	memory	7	3	1	0
sub-10	4	memory	8	2	1	0
sub-10	4	memory	9	1	1	1
sub-10	4	memory	10	3	1	0
sub-10	4	memory	11	1	1	1
sub-10	4	memory	12	1	1	1
sub-10	5	domain	1	2	1	0
sub-10	5	domain	2	4	1	0
sub-10	5	domain	3	1	1	1
sub-10	5	domain	4	1	1	1
sub-10	5	domain	5	4	1	0
sub-10	5	domain	6	1	1	1
sub-10	5	domain	7	2	1	0
sub-10	5	domain	8	4	1	0
sub-10	5	memory	1	1	1	1
sub-10	5	memory	2	1	1	1
sub-10	5	memory	3	1	1	1
sub-10	5	memory	4	1	1	1
sub-10	5	memory	5	1	1	1
sub-10	5	memory	6	1	1	1
sub-10	5	memory	7	1	1	1
sub-10	5	memory	8	1	1	1
sub-10	5	memory	9	2	1	0
sub-10	5	memory	10	1	1	1
sub-10	5	memory	11	4	1	0
sub-10	5	memory	12	1	1	1
sub-11	1	domain	1	3	1	0
sub-11	1	domain	2	1	1	1
sub-11	1	domain	3	1	1	1
sub-11	1	domain	4	1	1	1
sub-11	1	domain	5	4	1	0
sub-11	1	domain	6	3	1	0
sub-11	1	domain	7	4	1	0
sub-11	1	domain	8	4	1	0
sub-11	1	domain	9	1	1	1
sub-11	1	domain	10	1	1	1
sub-11	1	domain	11	4	1	0
sub-11	1	memory	1	4	1	0
sub-11	1	memory	2	3	1	0
sub-11	1	memory	3	1	1	1
sub-11	1	memory	4	1	1	1
sub-11	1	memory	5	3	1	0
sub-11	1	memory	6	2	1	0
sub-11	1	memory	7	1	1	1
sub-11	1	memory	8	1	1	1
sub-11	1	memory	9	1	1	1
sub-11	1	memory	10	1	1	1
sub-11	1	memory	11	4	1	0
sub-11	1	memory	12	1	1	1
sub-11	2	domain	1	2	1	0
sub-11	2	domain	2	3	1	0
sub-11	2	domain	3	3	1	0
sub-11	2	domain	4	1	1	1
sub-11	2	domain	5	1	1	1
sub-11	2	domain	6	1	1	1
sub-11	2	domain	7	4	1	0
sub-11	2	domain	8	4	1	0
sub-11	2	domain	9	1	1	1
sub-11	2	domain	10	1	1	1
sub-11	2	memory	1	3	1	0
sub-11	2	memory	2	4	1	0
sub-11	2	memory	3	1	1	1
sub-11	2	memory	4	2	1	0
sub-11	2	memory	5	3	1	0
sub-11	2	memory	6	1	1	1
sub-11	2	memory	7	4	1	0
sub-11	2	memory	8	4	1	0
sub-11	2	memory	9	4	1	0
sub-11	2	memory	10	3	1	0
sub-11	2	memory	11	1	1	1
sub-11	3	domain	1	2	1	0
sub-11	3	domain	2	1	1	1
sub-11	3	domain	3	1	1	1
sub-11	3	domain	4	4	1	0
sub-11	3	domain	5	1	1	1
sub-11	3	domain	6	3	1	0
sub-11	3	domain	7	1	1	1
sub-11	3	domain	8	1	1	1
sub-11	3	domain	9	4	1	0
sub-11	3	memory	1	1	1	1
sub-11	3	memory	2	1	1	1
sub-11	3	memory	3	1	1	1
sub-11	3	memory	4	1	1	1
sub-11	3	memory	5	2	1	0
sub-11	3	memory	6	3	1	0
sub-11	3	memory	7	4	1	0
sub-11	3	memory	8	1	1	1
sub-11	3	memory	9	1	1	1
sub-11	3	memory	10	2	1	0
sub-11	3	memory	11	1	1	1
sub-11	3	memory	12	4	1	0
sub-11	4	domain	1	3	1	0
sub-11	4	domain	2	1	1	1
sub-11	4	domain	3	1	1	1
sub-11	4	domain	4	2	1	0
sub-11	4	domain	5	2	1	0
sub-11	4	domain	6	1	1	1
sub-11	4	domain	7	4	1	0
sub-11	4	domain	8	2	1	0
sub-11	4	domain	9	1	1	1
sub-11	4	memory	1	3	1	0
sub-11	4	memory	2	1	1	1
sub-11	4	memory	3	2	1	0
sub-11	4	memory	4	3	1	0
sub-11	4	memory	5	3	1	0
sub-11	4	memory	6	2	1	0
sub-11	4	memory	7	3	1	0
sub-11	4	memory	8	4	1	0
sub-11	4	memory	9	1	1	1
sub-11	4	memory	10	4	1	0
sub-11	4	memory	11	3	1	0
sub-11	4	memory	12	2	1	0
sub-11	5	domain	1	1	1	1
sub-11	5	domain	2	1	1	1
sub-11	5	domain	3	3	1	0
sub-11	5	domain	4	3	1	0
sub-11	5	domain	5	4	1	0
sub-11	5	domain	6	2	1	0
sub-11	5	domain	7	1	1	1
sub-11	5	domain	8	1	1	1
sub-11	5	memory	1	1	1	1
sub-11	5	memory	2	1	1	1
sub-11	5	memory	3	1	1	1
sub-11	5	memory	4	1	1	1
sub-11	5	memory	5	1	1	1
sub-11	5	memory	6	4	1	0
sub-11	5	memory	7	1	1	1
sub-11	5	memory	8	2	1	0
sub-11	5	memory	9	4	1	0
sub-11	5	memory	10	1	1	1
sub-11	5	memory	11	1	1	1
sub-11	5	memory	12	1	1	1
sub-12	1	domain	1	1	1	1
sub-12	1	domain	2	1	1	1
sub-12	1	domain	3	1	1	1
sub-12	1	domain	4	4	1	0
sub-12	1	domain	5	1	1	1
sub-12	1	domain	6	1	1	1
sub-12	1	domain	7	2	1	0
sub-12	1	domain	8	4	1	0
sub-12	1	domain	9	3	1	0
sub-12	1	domain	10	4	1	0
sub-12	1	domain	11	4	1	0
sub-12	1	memory	1	1	1	1
sub-12	1	memory	2	3	1	0
sub-12	1	memory	3	1	1	1
sub-12	1	memory	4	1	1	1
sub-12	1	memory	5	1	1	1
sub-12	1	memory	6	1	1	1
sub-12	1	memory	7	3	1	0
sub-12	1	memory	8	1	1	1
sub-12	1	memory	9	4	1	0
sub-12	1	memory	10	4	1	0
sub-12	1	memory	11	4	1	0
sub-12	1	memory	12	3	1	0
sub-12	2	domain	1	2	1	0
sub-12	2	domain	2	3	1	0
sub-12	2	domain	3	1	1	1
sub-12	2	domain	4	1	1	1
sub-12	2	domain	5	1	1	1
sub-12	2	domain	6	3	1	0
sub-12	2	domain	7	4	1	0
sub-12	2	domain	8	3	1	0
sub-12	2	domain	9	1	1	1
sub-12	2	domain	10	3	1	0
sub-12	2	memory	1	3	1	0
sub-12	2	memory	2	1	1	1
sub-12	2	memory	3	1	1	1
sub-12	2	memory	4	4	1	0
sub-12	2	memory	5	4	1	0
sub-12	2	memory	6	2	1	0
sub-12	2	memory	7	2	1	0
sub-12	2	memory	8	2	1	0
sub-12	2	memory	9	2	1	0
sub-12	2	memory	10	4	1	0
sub-12	2	memory	11	1	1	1
sub-12	3	domain	1	1	1	1
sub-12	3	domain	2	1	1	1
sub-12	3	domain	3	1	1	1
sub-12	3	domain	4	1	1	1
sub-12	3	domain	5	4	1	0
sub-12	3	domain	6	3	1	0
sub-12	3	domain	7	1	1	1
sub-12	3	domain	8	1	1	1
sub-12	3	domain	9	4	1	0
sub-12	3	memory	1	1	1	1
sub-12	3	memory	2	3	1	0
sub-12	3	memory	3	2	1	0
sub-12	3	memory	4	1	1	1
sub-12	3	memory	5	1	1	1
sub-12	3	memory	6	3	1	0
sub-12	3	memory	7	4	1	0
sub-12	3	memory	8	4	1	0
sub-12	3	memory	9	1	1	1
sub-12	3	memory	10	3	1	0
sub-12	3	memory	11	4	1	0
sub-12	3	memory	12	1	1	1
sub-12	4	domain	1	1	1	1
sub-12	4	domain	2	3	1	0
sub-12	4	domain	3	1	1	1
sub-12	4	domain	4	1	1	1
sub-12	4	domain	5	1	1	1
sub-12	4	domain	6	3	1	0
sub-12	4	domain	7	1	1	1
sub-12	4	domain	8	1	1	1
sub-12	4	domain	9	3	1	0
sub-12	4	memory	1	2	1	0
sub-12	4	memory	2	2	1	0
sub-12	4	memory	3	1	1	1
sub-12	4	memory	4	1	1	1
sub-12	4	memory	5	1	1	1
sub-12	4	memory	6	1	1	1
sub-12	4	memory	7	4	1	0
sub-12	4	memory	8	4	1	0
sub-12	4	memory	9	1	1	1
sub-12	4	memory	10	2	1	0
sub-12	4	memory	11	1	1	1
sub-12	4	memory	12	3	1	0
sub-12	5	domain	1	2	1	0
sub-12	5	domain	2	1	1	1
sub-12	5	domain	3	2	1	0
sub-12	5	domain	4	4	1	0
sub-12	5	domain	5	1	1	1
sub-12	5	domain	6	1	1	1
sub-12	5	domain	7	2	1	0
sub-12	5	domain	8	2	1	0
sub-12	5	memory	1	4	1	0
sub-12	5	memory	2	1	1	1
sub-12	5	memory	3	1	1	1
sub-12	5	memory	4	1	1	1
sub-12	5	memory	5	4	1	0
sub-12	5	memory	6	1	1	1
sub-12	5	memory	7	4	1	0
sub-12	5	memory	8	1	1	1
sub-12	5	memory	9	1	1	1
sub-12	5	memory	10	4	1	0
sub-12	5	memory	11	1	1	1
sub-12	5	memory	12	1	1	1
sub-13	1	domain	1	4	1	0
sub-13	1	domain	2	1	1	1
sub-13	1	domain	3	4	1	0
sub-13	1	domain	4	4	1	0
sub-13	1	domain	5	1	1	1
sub-13	1	domain	6	1	1	1
sub-13	1	domain	7	1	1	1
sub-13	1	domain	8	3	1	0
sub-13	1	domain	9	2	1	0
sub-13	1	domain	10	1	1	1
sub-13	1	domain	11	1	1	1
sub-13	1	memory	1	1	1	1
sub-13	1	memory	2	1	1	1
sub-13	1	memory	3	1	1	1
sub-13	1	memory	4	2	1	0
sub-13	1	memory	5	4	1	0
sub-13	1	memory	6	3	1	0
sub-13	1	memory	7	2	1	0
sub-13	1	memory	8	3	1	0
sub-13	1	memory	9	1	1	1
sub-13	1	memory	10	3	1	0
sub-13	1	memory	11	1	1	1
sub-13	1	memory	12	4	1	0
sub-13	2	domain	1	1	1	1
sub-13	2	domain	2	4	1	0
sub-13	2	domain	3	3	1	0
sub-13	2	domain	4	1	1	1
sub-13	2	domain	5	1	1	1
sub-13	2	domain	6	1	1	1
sub-13	2	domain	7	3	1	0
sub-13	2	domain	8	3	1	0
sub-13	2	domain	9	1	1	1
sub-13	2	domain	10	3	1	0
sub-13	2	memory	1	4	1	0
sub-13	2	memory	2	1	1	1
sub-13	2	memory	3	2	1	0
sub-13	2	memory	4	4	1	0
sub-13	2	memory	5	4	1	0
sub-13	2	memory	6	2	1	0
sub-13	2	memory	7	4	1	0
sub-13	2	memory	8	3	1	0
sub-13	2	memory	9	1	1	1
sub-13	2	memory	10	1	1	1
sub-13	2	memory	11	1	1	1
sub-13	3	domain	1	1	1	1
sub-13	3	domain	2	2	1	0
sub-13	3	domain	3	1	1	1
sub-13	3	domain	4	2	1	0
sub-13	3	domain	5	1	1	1
sub-13	3	domain	6	4	1	0
sub-13	3	domain	7	1	1	1
sub-13	3	domain	8	1	1	1
sub-13	3	domain	9	1	1	1
sub-13	3	memory	1	1	1	1
sub-13	3	memory	2	1	1	1
sub-13	3	memory	3	1	1	1
sub-13	3	memory	4	2	1	0
sub-13	3	memory	5	1	1	1
sub-13	3	memory	6	1	1	1
sub-13	3	memory	7	3	1	0
sub-13	3	memory	8	1	1	1
sub-13	3	memory	9	2	1	0
sub-13	3	memory	10	1	1	1
sub-13	3	memory	11	4	1	0
sub-13	3	memory	12	3	1	0
sub-13	4	domain	1	2	1	0
sub-13	4	domain	2	1	1	1
sub-13	4	domain	3	1	1	1
sub-13	4	domain	4	1	1	1
sub-13	4	domain	5	4	1	0
sub-13	4	domain	6	1	1	1
sub-13	4	domain	7	1	1	1
sub-13	4	domain	8	2	1	0
sub-13	4	domain	9	1	1	1
sub-13	4	memory	1	1	1	1
sub-13	4	memory	2	1	1	1
sub-13	4	memory	3	1	1	1
sub-13	4	memory	4	1	1	1
sub-13	4	memory	5	1	1	1
sub-13	4	memory	6	1	1	1
sub-13	4	memory	7	1	1	1
sub-13	4	memory	8	1	1	1
sub-13	4	memory	9	1	1	1
sub-13	4	memory	10	3	1	0
sub-13	4	memory	11	1	1	1
sub-13	4	memory	12	2	1	0
sub-13	5	domain	1	1	1	1
sub-13	5	domain	2	2	1	0
sub-13	5	domain	3	4	1	0
sub-13	5	domain	4	1	1	1
sub-13	5	domain	5	3	1	0
sub-13	5	domain	6	4	1	0
sub-13	5	domain	7	1	1	1
sub-13	5	domain	8	3	1	0
sub-13	5	memory	1	1	1	1
sub-13	5	memory	2	1	1	1
sub-13	5	memory	3	1	1	1
sub-13	5	memory	4	1	1	1
sub-13	5	memory	5	1	1	1
sub-13	5	memory	6	1	1	1
sub-13	5	memory	7	1	1	1
sub-13	5	memory	8	1	1	1
sub-13	5	memory	9	4	1	0
sub-13	5	memory	10	1	1	1
sub-13	5	memory	11	1	1	1
sub-13	5	memory	12	1	1	1
sub-14	1	domain	1	1	1	1
sub-14	1	domain	2	1	1	1
sub-14	1	domain	3	3	1	0
sub-14	1	domain	4	4	1	0
sub-14	1	domain	5	1	1	1
sub-14	1	domain	6	1	1	1
sub-14	1	domain	7	4	1	0
sub-14	1	domain	8	2	1	0
sub-14	1	domain	9	1	1	1
sub-14	1	domain	10	4	1	0
sub-14	1	domain	11	1	1	1
sub-14	1	memory	1	1	1	1
sub-14	1	memory	2	1	1	1
sub-14	1	memory	3	1	1	1
sub-14	1	memory	4	1	1	1
sub-14	1	memory	5	4	1	0
sub-14	1	memory	6	1	1	1
sub-14	1	memory	7	2	1	0
sub-14	1	memory	8	3	1	0
sub-14	1	memory	9	3	1	0
sub-14	1	memory	10	4	1	0
sub-14	1	memory	11	1	1	1
sub-14	1	memory	12	1	1	1
sub-14	2	domain	1	2	1	0
sub-14	2	domain	2	2	1	0
sub-14	2	domain	3	1	1	1
sub-14	2	domain	4	3	1	0
sub-14	2	domain	5	3	1	0
sub-14	2	domain	6	3	1	0
sub-14	2	domain	7	1	1	1
sub-14	2	domain	8	1	1	1
sub-14	2	domain	9	4	1	0
sub-14	2	domain	10	1	1	1
sub-14	2	memory	1	1	1	1
sub-14	2	memory	2	1	1	1
sub-14	2	memory	3	1	1	1
sub-14	2	memory	4	2	1	0
sub-14	2	memory	5	3	1	0
sub-14	2	memory	6	2	1	0
sub-14	2	memory	7	2	1	0
sub-14	2	memory	8	2	1	0
sub-14	2	memory	9	4	1	0
sub-14	2	memory	10	2	1	0
sub-14	2	memory	11	1	1	1
sub-14	3	domain	1	2	1	0
sub-14	3	domain	2	1	1	1
sub-14	3	domain	3	1	1	1
sub-14	3	domain	4	1	1	1
sub-14	3	domain	5	1	1	1
sub-14	3	domain	6	1	1	1
sub-14	3	domain	7	4	1	0
sub-14	3	domain	8	1	1	1
sub-14	3	domain	9	2	1	0
sub-14	3	memory	1	1	1	1
sub-14	3	memory	2	3	1	0
sub-14	3	memory	3	1	1	1
sub-14	3	memory	4	1	1	1
sub-14	3	memory	5	1	1	1
sub-14	3	memory	6	1	1	1
sub-14	3	memory	7	2	1	0
sub-14	3	memory	8	1	1	1
sub-14	3	memory	9	1	1	1
sub-14	3	memory	10	1	1	1
sub-14	3	memory	11	4	1	0
sub-14	3	memory	12	3	1	0
sub-14	4	domain	1	1	1	1
sub-14	4	domain	2	1	1	1
sub-14	4	domain	3	4	1	0
sub-14	4	domain	4	2	1	0
sub-14	4	domain	5	4	1	0
sub-14	4	domain	6	1	1	1
sub-14	4	domain	7	1	1	1
sub-14	4	domain	8	1	1	1
sub-14	4	domain	9	2	1	0
sub-14	4	memory	1	1	1	1
sub-14	4	memory	2	1	1	1
sub-14	4	memory	3	4	1	0
sub-14	4	memory	4	1	1	1
sub-14	4	memory	5	1	1	1
sub-14	4	memory	6	4	1	0
sub-14	4	memory	7	1	1	1
sub-14	4	memory	8	1	1	1
sub-14	4	memory	9	1	1	1
sub-14	4	memory	10	1	1	1
sub-14	4	memory	11	1	1	1
sub-14	4	memory	12	3	1	0
sub-14	5	domain	1	1	1	1
sub-14	5	domain	2	1	1	1
sub-14	5	domain	3	3	1	0
sub-14	5	domain	4	2	1	0
sub-14	5	domain	5	3	1	0
sub-14	5	domain	6	2	1	0
sub-14	5	domain	7	4	1	0
sub-14	5	domain	8	2	1	0
sub-14	5	memory	1	1	1	1
sub-14	5	memory	2	4	1	0
sub-14	5	memory	3	1	1	1
sub-14	5	memory	4	1	1	1
sub-14	5	memory	5	1	1	1
sub-14	5	memory	6	1	1	1
sub-14	5	memory	7	3	1	0
sub-14	5	memory	8	1	1	1
sub-14	5	memory	9	1	1	1
sub-14	5	memory	10	1	1	1
sub-14	5	memory	11	1	1	1
sub-14	5	memory	12	1	1	1
sub-15	1	domain	1	1	1	1
sub-15	1	domain	2	1	1	1
sub-15	1	domain	3	4	1	0
sub-15	1	domain	4	4	1	0
sub-15	1	domain	5	1	1	1
sub-15	1	domain	6	1	1	1
sub-15	1	domain	7	1	1	1
sub-15	1	domain	8	4	1	0
sub-15	1	domain	9	4	1	0
sub-15	1	domain	10	3	1	0
sub-15	1	domain	11	1	1	1
sub-15	1	memory	1	3	1	0
sub-15	1	memory	2	1	1	1
sub-15	1	memory	3	2	1	0
sub-15	1	memory	4	2	1	0
sub-15	1	memory	5	1	1	1
sub-15	1	memory	6	4	1	0
sub-15	1	memory	7	2	1	0
sub-15	1	memory	8	4	1	0
sub-15	1	memory	9	4	1	0
sub-15	1	memory	10	4	1	0
sub-15	1	memory	11	1	1	1
sub-15	1	memory	12	2	1	0
sub-15	2	domain	1	3	1	0
sub-15	2	domain	2	2	1	0
sub-15	2	domain	3	4	1	0
sub-15	2	domain	4	1	1	1
sub-15	2	domain	5	1	1	1
sub-15	2	domain	6	1	1	1
sub-15	2	domain	7	1	1	1
sub-15	2	domain	8	1	1	1
sub-15	2	domain	9	4	1	0
sub-15	2	domain	10	1	1	1
sub-15	2	memory	1	4	1	0
sub-15	2	memory	2	1	1	1
sub-15	2	memory	3	1	1	1
sub-15	2	memory	4	2	1	0
sub-15	2	memory	5	1	1	1
sub-15	2	memory	6	1	1	1
sub-15	2	memory	7	2	1	0
sub-15	2	memory	8	4	1	0
sub-15	2	memory	9	1	1	1
sub-15	2	memory	10	1	1	1
sub-15	2	memory	11	2	1	0
sub-15	3	domain	1	3	1	0
sub-15	3	domain	2	1	1	1
sub-15	3	domain	3	1	1	1
sub-15	3	domain	4	1	1	1
sub-15	3	domain	5	2	1	0
sub-15	3	domain	6	4	1	0
sub-15	3	domain	7	1	1	1
sub-15	3	domain	8	1	1	1
sub-15	3	domain	9	2	1	0
sub-15	3	memory	1	1	1	1
sub-15	3	memory	2	3	1	0
sub-15	3	memory	3	1	1	1
sub-15	3	memory	4	1	1	1
sub-15	3	memory	5	1	1	1
sub-15	3	memory	6	1	1	1
sub-15	3	memory	7	1	1	1
sub-15	3	memory	8	1	1	1
sub-15	3	memory	9	1	1	1
sub-15	3	memory	10	3	1	0
sub-15	3	memory	11	4	1	0
sub-15	3	memory	12	1	1	1
sub-15	4	domain	1	2	1	0
sub-15	4	domain	2	3	1	0
sub-15	4	domain	3	3	1	0
sub-15	4	domain	4	4	1	0
sub-15	4	domain	5	1	1	1
sub-15	4	domain	6	3	1	0
sub-15	4	domain	7	1	1	1
sub-15	4	domain	8	1	1	1
sub-15	4	domain	9	1	1	1
sub-15	4	memory	1	3	1	0
sub-15	4	memory	2	4	1	0
sub-15	4	memory	3	1	1	1
sub-15	4	memory	4	1	1	1
sub-15	4	memory	5	1	1	1
sub-15	4	memory	6	1	1	1
sub-15	4	memory	7	2	1	0
sub-15	4	memory	8	1	1	1
sub-15	4	memory	9	3	1	0
sub-15	4	memory	10	3	1	0
sub-15	4	memory	11	4	1	0
sub-15	4	memory	12	1	1	1
sub-15	5	domain	1	4	1	0
sub-15	5	domain	2	1	1	1
sub-15	5	domain	3	4	1	0
sub-15	5	domain	4	4	1	0
sub-15	5	domain	5	1	1	1
sub-15	5	domain	6	2	1	0
sub-15	5	domain	7	2	1	0
sub-15	5	domain	8	1	1	1
sub-15	5	memory	1	1	1	1
sub-15	5	memory	2	1	1	1
sub-15	5	memory	3	1	1	1
sub-15	5	memory	4	1	1	1
sub-15	5	memory	5	1	1	1
sub-15	5	memory	6	1	1	1
sub-15	5	memory	7	4	1	0
sub-15	5	memory	8	1	1	1
sub-15	5	memory	9	1	1	1
sub-15	5	memory	10	1	1	1
sub-15	5	memory	11	1	1	1
sub-15	5	memory	12	1	1	1
sub-16	1	domain	1	1	1	1
sub-16	1	domain	2	2	1	0
sub-16	1	domain	3	3	1	0
sub-16	1	domain	4	4	1	0
sub-16	1	domain	5	4	1	0
sub-16	1	domain	6	4	1	0
sub-16	1	domain	7	2	1	0
sub-16	1	domain	8	4	1	0
sub-16	1	domain	9	1	1	1
sub-16	1	domain	10	1	1	1
sub-16	1	domain	11	3	1	0
sub-16	1	memory	1	1	1	1
sub-16	1	memory	2	1	1	1
sub-16	1	memory	3	1	1	1
sub-16	1	memory	4	3	1	0
sub-16	1	memory	5	1	1	1
sub-16	1	memory	6	1	1	1
sub-16	1	memory	7	1	1	1
sub-16	1	memory	8	1	1	1
sub-16	1	memory	9	1	1	1
sub-16	1	memory	10	1	1	1
sub-16	1	memory	11	1	1	1
sub-16	1	memory	12	1	1	1
sub-16	2	domain	1	3	1	0
sub-16	2	domain	2	2	1	0
sub-16	2	domain	3	1	1	1
sub-16	2	domain	4	1	1	1
sub-16	2	domain	5	1	1	1
sub-16	2	domain	6	2	1	0
sub-16	2	domain	7	1	1	1
sub-16	2	domain	8	2	1	0
sub-16	2	domain	9	1	1	1
sub-16	2	domain	10	4	1	0
sub-16	2	memory	1	4	1	0
sub-16	2	memory	2	1	1	1
sub-16	2	memory	3	1	1	1
sub-16	2	memory	4	3	1	0
sub-16	2	memory	5	1	1	1
sub-16	2	memory	6	1	1	1
sub-16	2	memory	7	1	1	1
sub-16	2	memory	8	1	1	1
sub-16	2	memory	9	1	1	1
sub-16	2	memory	10	1	1	1
sub-16	2	memory	11	4	1	0
sub-16	3	domain	1	1	1	1
sub-16	3	domain	2	1	1	1
sub-16	3	domain	3	1	1	1
sub-16	3	domain	4	1	1	1
sub-16	3	domain	5	1	1	1
sub-16	3	domain	6	4	1	0
sub-16	3	domain	7	4	1	0
sub-16	3	domain	8	1	1	1
sub-16	3	domain	9	2	1	0
sub-16	3	memory	1	1	1	1
sub-16	3	memory	2	1	1	1
sub-16	3	memory	3	1	1	1
sub-16	3	memory	4	1	1	1
sub-16	3	memory	5	1	1	1
sub-16	3	memory	6	1	1	1
sub-16	3	memory	7	1	1	1
sub-16	3	memory	8	1	1	1
sub-16	3	memory	9	1	1	1
sub-16	3	memory	10	1	1	1
sub-16	3	memory	11	3	1	0
sub-16	3	memory	12	1	1	1
sub-16	4	domain	1	1	1	1
sub-16	4	domain	2	1	1	1
sub-16	4	domain	3	2	1	0
sub-16	4	domain	4	1	1	1
sub-16	4	domain	5	1	1	1
sub-16	4	domain	6	1	1	1
sub-16	4	domain	7	4	1	0
sub-16	4	domain	8	1	1	1
sub-16	4	domain	9	1	1	1
sub-16	4	memory	1	1	1	1
sub-16	4	memory	2	1	1	1
sub-16	4	memory	3	1	1	1
sub-16	4	memory	4	1	1	1
sub-16	4	memory	5	4	1	0
sub-16	4	memory	6	1	1	1
sub-16	4	memory	7	3	1	0
sub-16	4	memory	8	2	1	0
sub-16	4	memory	9	1	1	1
sub-16	4	memory	10	4	1	0
sub-16	4	memory	11	3	1	0
sub-16	4	memory	12	1	1	1
sub-16	5	domain	1	2	1	0
sub-16	5	domain	2	1	1	1
sub-16	5	domain	3	4	1	0
sub-16	5	domain	4	2	1	0
sub-16	5	domain	5	1	1	1
sub-16	5	domain	6	2	1	0
sub-16	5	domain	7	2	1	0
sub-16	5	domain	8	4	1	0
sub-16	5	memory	1	1	1	1
sub-16	5	memory	2	1	1	1
sub-16	5	memory	3	1	1	1
sub-16	5	memory	4	1	1	1
sub-16	5	memory	5	1	1	1
sub-16	5	memory	6	1	1	1
sub-16	5	memory	7	1	1	1
sub-16	5	memory	8	1	1	1
sub-16	5	memory	9	1	1	1
sub-16	5	memory	10	1	1	1
sub-16	5	memory	11	1	1	1
sub-16	5	memory	12	1	1	1
sub-17	1	domain	1	4	1	0
sub-17	1	domain	2	1	1	1
sub-17	1	domain	3	1	1	1
sub-17	1	domain	4	1	1	1
sub-17	1	domain	5	4	1	0
sub-17	1	domain	6	1	1	1
sub-17	1	domain	7	4	1	0
sub-17	1	domain	8	1	1	1
sub-17	1	domain	9	4	1	0
sub-17	1	domain	10	2	1	0
sub-17	1	domain	11	1	1	1
sub-17	1	memory	1	1	1	1
sub-17	1	memory	2	1	1	1
sub-17	1	memory	3	1	1	1
sub-17	1	memory	4	1	1	1
sub-17	1	memory	5	4	1	0
sub-17	1	memory	6	1	1	1
sub-17	1	memory	7	1	1	1
sub-17	1	memory	8	1	1	1
sub-17	1	memory	9	1	1	1
sub-17	1	memory	10	1	1	1
sub-17	1	memory	11	1	1	1
sub-17	1	memory	12	1	1	1
sub-17	2	domain	1	1	1	1
sub-17	2	domain	2	4	1	0
sub-17	2	domain	3	3	1	0
sub-17	2	domain	4	1	1	1
sub-17	2	domain	5	1	1	1
sub-17	2	domain	6	1	1	1
sub-17	2	domain	7	2	1	0
sub-17	2	domain	8	1	1	1
sub-17	2	domain	9	3	1	0
sub-17	2	domain	10	2	1	0
sub-17	2	memory	1	1	1	1
sub-17	2	memory	2	1	1	1
sub-17	2	memory	3	1	1	1
sub-17	2	memory	4	3	1	0
sub-17	2	memory	5	1	1	1
sub-17	2	memory	6	1	1	1
sub-17	2	memory	7	4	1	0
sub-17	2	memory	8	1	1	1
sub-17	2	memory	9	1	1	1
sub-17	2	memory	10	1	1	1
sub-17	2	memory	11	1	1	1
sub-17	3	domain	1	4	1	0
sub-17	3	domain	2	4	1	0
sub-17	3	domain	3	4	1	0
sub-17	3	domain	4	2	1	0
sub-17	3	domain	5	4	1	0
sub-17	3	domain	6	1	1	1
sub-17	3	domain	7	1	1	1
sub-17	3	domain	8	1	1	1
sub-17	3	domain	9	1	1	1
sub-17	3	memory	1	1	1	1
sub-17	3	memory	2	4	1	0
sub-17	3	memory	3	1	1	1
sub-17	3	memory	4	1	1	1
sub-17	3	memory	5	1	1	1
sub-17	3	memory	6	1	1	1
sub-17	3	memory	7	3	1	0
sub-17	3	memory	8	1	1	1
sub-17	3	memory	9	4	1	0
sub-17	3	memory	10	1	1	1
sub-17	3	memory	11	1	1	1
sub-17	3	memory	12	1	1	1
sub-17	4	domain	1	1	1	1
sub-17	4	domain	2	1	1	1
sub-17	4	domain	3	1	1	1
sub-17	4	domain	4	1	1	1
sub-17	4	domain	5	4	1	0
sub-17	4	domain	6	1	1	1
sub-17	4	domain	7	1	1	1
sub-17	4	domain	8	1	1	1
sub-17	4	domain	9	4	1	0
sub-17	4	memory	1	1	1	1
sub-17	4	memory	2	1	1	1
sub-17	4	memory	3	1	1	1
sub-17	4	memory	4	2	1	0
sub-17	4	memory	5	1	1	1
sub-17	4	memory	6	1	1	1
sub-17	4	memory	7	1	1	1
sub-17	4	memory	8	1	1	1
sub-17	4	memory	9	1	1	1
sub-17	4	memory	10	3	1	0
sub-17	4	memory	11	3	1	0
sub-17	4	memory	12	1	1	1
sub-17	5	domain	1	1	1	1
sub-17	5	domain	2	1	1	1
sub-17	5	domain	3	3	1	0
sub-17	5	domain	4	1	1	1
sub-17	5	domain	5	2	1	0
sub-17	5	domain	6	1	1	1
sub-17	5	domain	7	1	1	1
sub-17	5	domain	8	2	1	0
sub-17	5	memory	1	1	1	1
sub-17	5	memory	2	1	1	1
sub-17	5	memory	3	1	1	1
sub-17	5	memory	4	1	1	1
sub-17	5	memory	5	1	1	1
sub-17	5	memory	6	1	1	1
sub-17	5	memory	7	1	1	1
sub-17	5	memory	8	1	1	1
sub-17	5	memory	9	4	1	0
sub-17	5	memory	10	1	1	1
sub-17	5	memory	11	1	1	1
sub-17	5	memory	12	1	1	1
sub-18	1	domain	1	4	1	0
sub-18	1	domain	2	4	1	0
sub-18	1	domain	3	1	1	1
sub-18	1	domain	4	1	1	1
sub-18	1	domain	5	1	1	1
sub-18	1	domain	6	1	1	1
sub-18	1	domain	7	4	1	0
sub-18	1	domain	8	1	1	1
sub-18	1	domain	9	1	1	1
sub-18	1	domain	10	1	1	1
sub-18	1	domain	11	1	1	1
sub-18	1	memory	1	3	1	0
sub-18	1	memory	2	2	1	0
sub-18	1	memory	3	1	1	1
sub-18	1	memory	4	1	1	1
sub-18	1	memory	5	3	1	0
sub-18	1	memory	6	1	1	1
sub-18	1	memory	7	1	1	1
sub-18	1	memory	8	1	1	1
sub-18	1	memory	9	1	1	1
sub-18	1	memory	10	1	1	1
sub-18	1	memory	11	1	1	1
sub-18	1	memory	12	1	1	1
sub-18	2	domain	1	2	1	0
sub-18	2	domain	2	1	1	1
sub-18	2	domain	3	1	1	1
sub-18	2	domain	4	3	1	0
sub-18	2	domain	5	3	1	0
sub-18	2	domain	6	1	1	1
sub-18	2	domain	7	2	1	0
sub-18	2	domain	8	1	1	1
sub-18	2	domain	9	2	1	0
sub-18	2	domain	10	2	1	0
sub-18	2	memory	1	2	1	0
sub-18	2	memory	2	1	1	1
sub-18	2	memory	3	1	1	1
sub-18	2	memory	4	3	1	0
sub-18	2	memory	5	4	1	0
sub-18	2	memory	6	2	1	0
sub-18	2	memory	7	2	1	0
sub-18	2	memory	8	1	1	1
sub-18	2	memory	9	1	1	1
sub-18	2	memory	10	2	1	0
sub-18	2	memory	11	2	1	0
sub-18	3	domain	1	1	1	1
sub-18	3	domain	2	1	1	1
sub-18	3	domain	3	4	1	0
sub-18	3	domain	4	3	1	0
sub-18	3	domain	5	1	1	1
sub-18	3	domain	6	1	1	1
sub-18	3	domain	7	3	1	0
sub-18	3	domain	8	4	1	0
sub-18	3	domain	9	1	1	1
sub-18	3	memory	1	1	1	1
sub-18	3	memory	2	1	1	1
sub-18	3	memory	3	3	1	0
sub-18	3	memory	4	1	1	1
sub-18	3	memory	5	1	1	1
sub-18	3	memory	6	1	1	1
sub-18	3	memory	7	1	1	1
sub-18	3	memory	8	1	1	1
sub-18	3	memory	9	1	1	1
sub-18	3	memory	10	1	1	1
sub-18	3	memory	11	1	1	1
sub-18	3	memory	12	1	1	1
sub-18	4	domain	1	1	1	1
sub-18	4	domain	2	1	1	1
sub-18	4	domain	3	1	1	1
sub-18	4	domain	4	1	1	1
sub-18	4	domain	5	2	1	0
sub-18	4	domain	6	3	1	0
sub-18	4	domain	7	4	1	0
sub-18	4	domain	8	1	1	1
sub-18	4	domain	9	4	1	0
sub-18	4	memory	1	4	1	0
sub-18	4	memory	2	1	1	1
sub-18	4	memory	3	1	1	1
sub-18	4	memory	4	1	1	1
sub-18	4	memory	5	1	1	1
sub-18	4	memory	6	1	1	1
sub-18	4	memory	7	1	1	1
sub-18	4	memory	8	1	1	1
sub-18	4	memory	9	2	1	0
sub-18	4	memory	10	1	1	1
sub-18	4	memory	11	2	1	0
sub-18	4	memory	12	1	1	1
sub-18	5	domain	1	1	1	1
sub-18	5	domain	2	2	1	0
sub-18	5	domain	3	1	1	1
sub-18	5	domain	4	3	1	0
sub-18	5	domain	5	1	1	1
sub-18	5	domain	6	2	1	0
sub-18	5	domain	7	1	1	1
sub-18	5	domain	8	3	1	0
sub-18	5	memory	1	1	1	1
sub-18	5	memory	2	1	1	1
sub-18	5	memory	3	1	1	1
sub-18	5	memory	4	1	1	1
sub-18	5	memory	5	1	1	1
sub-18	5	memory	6	2	1	0
sub-18	5	memory	7	1	1	1
sub-18	5	memory	8	1	1	1
sub-18	5	memory	9	1	1	1
sub-18	5	memory	10	1	1	1
sub-18	5	memory	11	1	1	1
sub-18	5	memory	12	4	1	0
sub-19	1	domain	1	1	1	1
sub-19	1	domain	2	1	1	1
sub-19	1	domain	3	4	1	0
sub-19	1	domain	4	1	1	1
sub-19	1	domain	5	1	1	1
sub-19	1	domain	6	1	1	1
sub-19	1	domain	7	1	1	1
sub-19	1	domain	8	2	1	0
sub-19	1	domain	9	1	1	1
sub-19	1	domain	10	2	1	0
sub-19	1	domain	11	1	1	1
sub-19	1	memory	1	1	1	1
sub-19	1	memory	2	1	1	1
sub-19	1	memory	3	1	1	1
sub-19	1	memory	4	3	1	0
sub-19	1	memory	5	4	1	0
sub-19	1	memory	6	1	1	1
sub-19	1	memory	7	1	1	1
sub-19	1	memory	8	1	1	1
sub-19	1	memory	9	1	1	1
sub-19	1	memory	10	4	1	0
sub-19	1	memory	11	1	1	1
sub-19	1	memory	12	1	1	1
sub-19	2	domain	1	4	1	0
sub-19	2	domain	2	1	1	1
sub-19	2	domain	3	1	1	1
sub-19	2	domain	4	3	1	0
sub-19	2	domain	5	3	1	0
sub-19	2	domain	6	1	1	1
sub-19	2	domain	7	3	1	0
sub-19	2	domain	8	1	1	1
sub-19	2	domain	9	1	1	1
sub-19	2	domain	10	3	1	0
sub-19	2	memory	1	1	1	1
sub-19	2	memory	2	1	1	1
sub-19	2	memory	3	4	1	0
sub-19	2	memory	4	1	1	1
sub-19	2	memory	5	1	1	1
sub-19	2	memory	6	1	1	1
sub-19	2	memory	7	3	1	0
sub-19	2	memory	8	1	1	1
sub-19	2	memory	9	1	1	1
sub-19	2	memory	10	2	1	0
sub-19	2	memory	11	4	1	0
sub-19	3	domain	1	1	1	1
sub-19	3	domain	2	4	1	0
sub-19	3	domain	3	1	1	1
sub-19	3	domain	4	2	1	0
sub-19	3	domain	5	1	1	1
sub-19	3	domain	6	1	1	1
sub-19	3	domain	7	1	1	1
sub-19	3	domain	8	1	1	1
sub-19	3	domain	9	4	1	0
sub-19	3	memory	1	1	1	1
sub-19	3	memory	2	1	1	1
sub-19	3	memory	3	1	1	1
sub-19	3	memory	4	1	1	1
sub-19	3	memory	5	1	1	1
sub-19	3	memory	6	1	1	1
sub-19	3	memory	7	1	1	1
sub-19	3	memory	8	1	1	1
sub-19	3	memory	9	1	1	1
sub-19	3	memory	10	1	1	1
sub-19	3	memory	11	3	1	0
sub-19	3	memory	12	1	1	1
sub-19	4	domain	1	1	1	1
sub-19	4	domain	2	3	1	0
sub-19	4	domain	3	1	1	1
sub-19	4	domain	4	1	1	1
sub-19	4	domain	5	1	1	1
sub-19	4	domain	6	1	1	1
sub-19	4	domain	7	2	1	0
sub-19	4	domain	8	3	1	0
sub-19	4	domain	9	2	1	0
sub-19	4	memory	1	2	1	0
sub-19	4	memory	2	3	1	0
sub-19	4	memory	3	1	1	1
sub-19	4	memory	4	4	1	0
sub-19	4	memory	5	1	1	1
sub-19	4	memory	6	2	1	0
sub-19	4	memory	7	3	1	0
sub-19	4	memory	8	2	1	0
sub-19	4	memory	9	2	1	0
sub-19	4	memory	10	4	1	0
sub-19	4	memory	11	1	1	1
sub-19	4	memory	12	1	1	1
sub-19	5	domain	1	3	1	0
sub-19	5	domain	2	4	1	0
sub-19	5	domain	3	4	1	0
sub-19	5	domain	4	1	1	1
sub-19	5	domain	5	2	1	0
sub-19	5	domain	6	2	1	0
sub-19	5	domain	7	1	1	1
sub-19	5	domain	8	2	1	0
sub-19	5	memory	1	1	1	1
sub-19	5	memory	2	1	1	1
sub-19	5	memory	3	1	1	1
sub-19	5	memory	4	1	1	1
sub-19	5	memory	5	1	1	1
sub-19	5	memory	6	1	1	1
sub-19	5	memory	7	1	1	1
sub-19	5	memory	8	1	1	1
sub-19	5	memory	9	1	1	1
sub-19	5	memory	10	4	1	0
sub-19	5	memory	11	1	1	1
sub-19	5	memory	12	1	1	1
sub-20	1	domain	1	1	1	1
sub-20	1	domain	2	1	1	1
sub-20	1	domain	3	4	1	0
sub-20	1	domain	4	3	1	0
sub-20	1	domain	5	2	1	0
sub-20	1	domain	6	1	1	1
sub-20	1	domain	7	4	1	0
sub-20	1	domain	8	1	1	1
sub-20	1	domain	9	4	1	0
sub-20	1	domain	10	1	1	1
sub-20	1	domain	11	1	1	1
sub-20	1	memory	1	1	1	1
sub-20	1	memory	2	4	1	0
sub-20	1	memory	3	1	1	1
sub-20	1	memory	4	2	1	0
sub-20	1	memory	5	1	1	1
sub-20	1	memory	6	3	1	0
sub-20	1	memory	7	3	1	0
sub-20	1	memory	8	1	1	1
sub-20	1	memory	9	1	1	1
sub-20	1	memory	10	2	1	0
sub-20	1	memory	11	1	1	1
sub-20	1	memory	12	1	1	1
sub-20	2	domain	1	1	1	1
sub-20	2	domain	2	1	1	1
sub-20	2	domain	3	4	1	0
sub-20	2	domain	4	1	1	1
sub-20	2	domain	5	2	1	0
sub-20	2	domain	6	2	1	0
sub-20	2	domain	7	1	1	1
sub-20	2	domain	8	1	1	1
sub-20	2	domain	9	4	1	0
sub-20	2	domain	10	4	1	0
sub-20	2	memory	1	1	1	1
sub-20	2	memory	2	1	1	1
sub-20	2	memory	3	4	1	0
sub-20	2	memory	4	3	1	0
sub-20	2	memory	5	1	1	1
sub-20	2	memory	6	1	1	1
sub-20	2	memory	7	1	1	1
sub-20	2	memory	8	2	1	0
sub-20	2	memory	9	1	1	1
sub-20	2	memory	10	1	1	1
sub-20	2	memory	11	1	1	1
sub-20	3	domain	1	1	1	1
sub-20	3	domain	2	1	1	1
sub-20	3	domain	3	4	1	0
sub-20	3	domain	4	2	1	0
sub-20	3	domain	5	1	1	1
sub-20	3	domain	6	2	1	0
sub-20	3	domain	7	1	1	1
sub-20	3	domain	8	1	1	1
sub-20	3	domain	9	2	1	0
sub-20	3	memory	1	1	1	1
sub-20	3	memory	2	4	1	0
sub-20	3	memory	3	1	1	1
sub-20	3	memory	4	1	1	1
sub-20	3	memory	5	1	1	1
sub-20	3	memory	6	3	1	0
sub-20	3	memory	7	4	1	0
sub-20	3	memory	8	4	1	0
sub-20	3	memory	9	3	1	0
sub-20	3	memory	10	4	1	0
sub-20	3	memory	11	1	1	1
sub-20	3	memory	12	1	1	1
sub-20	4	domain	1	1	1	1
sub-20	4	domain	2	2	1	0
sub-20	4	domain	3	3	1	0
sub-20	4	domain	4	1	1	1
sub-20	4	domain	5	3	1	0
sub-20	4	domain	6	1	1	1
sub-20	4	domain	7	1	1	1
sub-20	4	domain	8	2	1	0
sub-20	4	domain	9	2	1	0
sub-20	4	memory	1	1	1	1
sub-20	4	memory	2	2	1	0
sub-20	4	memory	3	1	1	1
sub-20	4	memory	4	1	1	1
sub-20	4	memory	5	1	1	1
sub-20	4	memory	6	4	1	0
sub-20	4	memory	7	3	1	0
sub-20	4	memory	8	3	1	0
sub-20	4	memory	9	1	1	1
sub-20	4	memory	10	4	1	0
sub-20	4	memory	11	3	1	0
sub-20	4	memory	12	1	1	1
sub-20	5	domain	1	2	1	0
sub-20	5	domain	2	2	1	0
sub-20	5	domain	3	2	1	0
sub-20	5	domain	4	4	1	0
sub-20	5	domain	5	4	1	0
sub-20	5	domain	6	3	1	0
sub-20	5	domain	7	3	1	0
sub-20	5	domain	8	4	1	0
sub-20	5	memory	1	1	1	1
sub-20	5	memory	2	1	1	1
sub-20	5	memory	3	3	1	0
sub-20	5	memory	4	1	1	1
sub-20	5	memory	5	1	1	1
sub-20	5	memory	6	1	1	1
sub-20	5	memory	7	4	1	0
sub-20	5	memory	8	1	1	1
sub-20	5	memory	9	2	1	0
sub-20	5	memory	10	1	1	1
sub-20	5	memory	11	1	1	1
sub-20	5	memory	12	1	1	1
sub-21	1	domain	1	1	1	1
sub-21	1	domain	2	2	1	0
sub-21	1	domain	3	1	1	1
sub-21	1	domain	4	1	1	1
sub-21	1	domain	5	1	1	1
sub-21	1	domain	6	1	1	1
sub-21	1	domain	7	1	1	1
sub-21	1	domain	8	1	1	1
sub-21	1	domain	9	1	1	1
sub-21	1	domain	10	1	1	1
sub-21	1	domain	11	4	1	0
sub-21	1	memory	1	2	1	0
sub-21	1	memory	2	1	1	1
sub-21	1	memory	3	4	1	0
sub-21	1	memory	4	1	1	1
sub-21	1	memory	5	1	1	1
sub-21	1	memory	6	1	1	1
sub-21	1	memory	7	1	1	1
sub-21	1	memory	8	4	1	0
sub-21	1	memory	9	1	1	1
sub-21	1	memory	10	1	1	1
sub-21	1	memory	11	1	1	1
sub-21	1	memory	12	1	1	1
sub-21	2	domain	1	1	1	1
sub-21	2	domain	2	1	1	1
sub-21	2	domain	3	2	1	0
sub-21	2	domain	4	4	1	0
sub-21	2	domain	5	4	1	0
sub-21	2	domain	6	4	1	0
sub-21	2	domain	7	3	1	0
sub-21	2	domain	8	2	1	0
sub-21	2	domain	9	1	1	1
sub-21	2	domain	10	1	1	1
sub-21	2	memory	1	1	1	1
sub-21	2	memory	2	1	1	1
sub-21	2	memory	3	1	1	1
sub-21	2	memory	4	1	1	1
sub-21	2	memory	5	2	1	0
sub-21	2	memory	6	1	1	1
sub-21	2	memory	7	1	1	1
sub-21	2	memory	8	2	1	0
sub-21	2	memory	9	1	1	1
sub-21	2	memory	10	1	1	1
sub-21	2	memory	11	1	1	1
sub-21	3	domain	1	1	1	1
sub-21	3	domain	2	1	1	1
sub-21	3	domain	3	1	1	1
sub-21	3	domain	4	1	1	1
sub-21	3	domain	5	4	1	0
sub-21	3	domain	6	2	1	0
sub-21	3	domain	7	1	1	1
sub-21	3	domain	8	4	1	0
sub-21	3	domain	9	2	1	0
sub-21	3	memory	1	1	1	1
sub-21	3	memory	2	3	1	0
sub-21	3	memory	3	4	1	0
sub-21	3	memory	4	2	1	0
sub-21	3	memory	5	4	1	0
sub-21	3	memory	6	1	1	1
sub-21	3	memory	7	1	1	1
sub-21	3	memory	8	3	1	0
sub-21	3	memory	9	3	1	0
sub-21	3	memory	10	1	1	1
sub-21	3	memory	11	4	1	0
sub-21	3	memory	12	3	1	0
sub-21	4	domain	1	1	1	1
sub-21	4	domain	2	1	1	1
sub-21	4	domain	3	1	1	1
sub-21	4	domain	4	1	1	1
sub-21	4	domain	5	1	1	1
sub-21	4	domain	6	1	1	1
sub-21	4	domain	7	4	1	0
sub-21	4	domain	8	2	1	0
sub-21	4	domain	9	2	1	0
sub-21	4	memory	1	1	1	1
sub-21	4	memory	2	2	1	0
sub-21	4	memory	3	1	1	1
sub-21	4	memory	4	1	1	1
sub-21	4	memory	5	1	1	1
sub-21	4	memory	6	1	1	1
sub-21	4	memory	7	4	1	0
sub-21	4	memory	8	1	1	1
sub-21	4	memory	9	3	1	0
sub-21	4	memory	10	3	1	0
sub-21	4	memory	11	1	1	1
sub-21	4	memory	12	2	1	0
sub-21	5	domain	1	1	1	1
sub-21	5	domain	2	1	1	1
sub-21	5	domain	3	1	1	1
sub-21	5	domain	4	1	1	1
sub-21	5	domain	5	1	1	1
sub-21	5	domain	6	2	1	0
sub-21	5	domain	7	1	1	1
sub-21	5	domain	8	2	1	0
sub-21	5	memory	1	1	1	1
sub-21	5	memory	2	1	1	1
sub-21	5	memory	3	1	1	1
sub-21	5	memory	4	1	1	1
sub-21	5	memory	5	1	1	1
sub-21	5	memory	6	1	1	1
sub-21	5	memory	7	1	1	1
sub-21	5	memory	8	1	1	1
sub-21	5	memory	9	1	1	1
sub-21	5	memory	10	1	1	1
sub-21	5	memory	11	4	1	0
sub-21	5	memory	12	1	1	1
sub-22	1	domain	1	1	1	1
sub-22	1	domain	2	3	1	0
sub-22	1	domain	3	1	1	1
sub-22	1	domain	4	2	1	0
sub-22	1	domain	5	2	1	0
sub-22	1	domain	6	1	1	1
sub-22	1	domain	7	3	1	0
sub-22	1	domain	8	1	1	1
sub-22	1	domain	9	4	1	0
sub-22	1	domain	10	2	1	0
sub-22	1	domain	11	4	1	0
sub-22	1	memory	1	3	1	0
sub-22	1	memory	2	1	1	1
sub-22	1	memory	3	1	1	1
sub-22	1	memory	4	1	1	1
sub-22	1	memory	5	1	1	1
sub-22	1	memory	6	1	1	1
sub-22	1	memory	7	1	1	1
sub-22	1	memory	8	1	1	1
sub-22	1	memory	9	2	1	0
sub-22	1	memory	10	1	1	1
sub-22	1	memory	11	1	1	1
sub-22	1	memory	12	4	1	0
sub-22	2	domain	1	3	1	0
sub-22	2	domain	2	1	1	1
sub-22	2	domain	3	2	1	0
sub-22	2	domain	4	3	1	0
sub-22	2	domain	5	2	1	0
sub-22	2	domain	6	4	1	0
sub-22	2	domain	7	1	1	1
sub-22	2	domain	8	3	1	0
sub-22	2	domain	9	3	1	0
sub-22	2	domain	10	3	1	0
sub-22	2	memory	1	1	1	1
sub-22	2	memory	2	3	1	0
sub-22	2	memory	3	2	1	0
sub-22	2	memory	4	1	1	1
sub-22	2	memory	5	1	1	1
sub-22	2	memory	6	2	1	0
sub-22	2	memory	7	4	1	0
sub-22	2	memory	8	3	1	0
sub-22	2	memory	9	4	1	0
sub-22	2	memory	10	2	1	0
sub-22	2	memory	11	1	1	1
sub-22	3	domain	1	2	1	0
sub-22	3	domain	2	1	1	1
sub-22	3	domain	3	4	1	0
sub-22	3	domain	4	1	1	1
sub-22	3	domain	5	4	1	0
sub-22	3	domain	6	1	1	1
sub-22	3	domain	7	1	1	1
sub-22	3	domain	8	4	1	0
sub-22	3	domain	9	1	1	1
sub-22	3	memory	1	1	1	1
sub-22	3	memory	2	1	1	1
sub-22	3	memory	3	3	1	0
sub-22	3	memory	4	1	1	1
sub-22	3	memory	5	3	1	0
sub-22	3	memory	6	1	1	1
sub-22	3	memory	7	1	1	1
sub-22	3	memory	8	1	1	1
sub-22	3	memory	9	3	1	0
sub-22	3	memory	10	1	1	1
sub-22	3	memory	11	2	1	0
sub-22	3	memory	12	1	1	1
sub-22	4	domain	1	1	1	1
sub-22	4	domain	2	1	1	1
sub-22	4	domain	3	1	1	1
sub-22	4	domain	4	1	1	1
sub-22	4	domain	5	3	1	0
sub-22	4	domain	6	2	1	0
sub-22	4	domain	7	1	1	1
sub-22	4	domain	8	1	1	1
sub-22	4	domain	9	2	1	0
sub-22	4	memory	1	1	1	1
sub-22	4	memory	2	3	1	0
sub-22	4	memory	3	2	1	0
sub-22	4	memory	4	1	1	1
sub-22	4	memory	5	2	1	0
sub-22	4	memory	6	1	1	1
sub-22	4	memory	7	1	1	1
sub-22	4	memory	8	3	1	0
sub-22	4	memory	9	3	1	0
sub-22	4	memory	10	2	1	0
sub-22	4	memory	11	1	1	1
sub-22	4	memory	12	1	1	1
sub-22	5	domain	1	2	1	0
sub-22	5	domain	2	2	1	0
sub-22	5	domain	3	3	1	0
sub-22	5	domain	4	4	1	0
sub-22	5	domain	5	4	1	0
sub-22	5	domain	6	1	1	1
sub-22	5	domain	7	1	1	1
sub-22	5	domain	8	2	1	0
sub-22	5	memory	1	1	1	1
sub-22	5	memory	2	1	1	1
sub-22	5	memory	3	1	1	1
sub-22	5	memory	4	1	1	1
sub-22	5	memory	5	1	1	1
sub-22	5	memory	6	2	1	0
sub-22	5	memory	7	1	1	1
sub-22	5	memory	8	1	1	1
sub-22	5	memory	9	2	1	0
sub-22	5	memory	10	4	1	0
sub-22	5	memory	11	1	1	1
sub-22	5	memory	12	1	1	1
sub-23	1	domain	1	1	1	1
sub-23	1	domain	2	1	1	1
sub-23	1	domain	3	1	1	1
sub-23	1	domain	4	1	1	1
sub-23	1	domain	5	1	1	1
sub-23	1	domain	6	1	1	1
sub-23	1	domain	7	1	1	1
sub-23	1	domain	8	1	1	1
sub-23	1	domain	9	1	1	1
sub-23	1	domain	10	1	1	1
sub-23	1	domain	11	1	1	1
sub-23	1	memory	1	1	1	1
sub-23	1	memory	2	1	1	1
sub-23	1	memory	3	1	1	1
sub-23	1	memory	4	4	1	0
sub-23	1	memory	5	1	1	1
sub-23	1	memory	6	1	1	1
sub-23	1	memory	7	1	1	1
sub-23	1	memory	8	1	1	1
sub-23	1	memory	9	1	1	1
sub-23	1	memory	10	1	1	1
sub-23	1	memory	11	1	1	1
sub-23	1	memory	12	1	1	1
sub-23	2	domain	1	1	1	1
sub-23	2	domain	2	2	1	0
sub-23	2	domain	3	1	1	1
sub-23	2	domain	4	1	1	1
sub-23	2	domain	5	1	1	1
sub-23	2	domain	6	1	1	1
sub-23	2	domain	7	1	1	1
sub-23	2	domain	8	1	1	1
sub-23	2	domain	9	1	1	1
sub-23	2	domain	10	1	1	1
sub-23	2	memory	1	2	1	0
sub-23	2	memory	2	1	1	1
sub-23	2	memory	3	1	1	1
sub-23	2	memory	4	1	1	1
sub-23	2	memory	5	1	1	1
sub-23	2	memory	6	1	1	1
sub-23	2	memory	7	1	1	1
sub-23	2	memory	8	1	1	1
sub-23	2	memory	9	2	1	0
sub-23	2	memory	10	1	1	1
sub-23	2	memory	11	1	1	1
sub-23	3	domain	1	1	1	1
sub-23	3	domain	2	1	1	1
sub-23	3	domain	3	1	1	1
sub-23	3	domain	4	1	1	1
sub-23	3	domain	5	1	1	1
sub-23	3	domain	6	3	1	0
sub-23	3	domain	7	1	1	1
sub-23	3	domain	8	1	1	1
sub-23	3	domain	9	1	1	1
sub-23	3	memory	1	1	1	1
sub-23	3	memory	2	1	1	1
sub-23	3	memory	3	1	1	1
sub-23	3	memory	4	2	1	0
sub-23	3	memory	5	1	1	1
sub-23	3	memory	6	1	1	1
sub-23	3	memory	7	3	1	0
sub-23	3	memory	8	1	1	1
sub-23	3	memory	9	1	1	1
sub-23	3	memory	10	1	1	1
sub-23	3	memory	11	1	1	1
sub-23	3	memory	12	1	1	1
sub-23	4	domain	1	2	1	0
sub-23	4	domain	2	1	1	1
sub-23	4	domain	3	1	1	1
sub-23	4	domain	4	1	1	1
sub-23	4	domain	5	4	1	0
sub-23	4	domain	6	1	1	1
sub-23	4	domain	7	1	1	1
sub-23	4	domain	8	1	1	1
sub-23	4	domain	9	1	1	1
sub-23	4	memory	1	1	1	1
sub-23	4	memory	2	1	1	1
sub-23	4	memory	3	1	1	1
sub-23	4	memory	4	1	1	1
sub-23	4	memory	5	1	1	1
sub-23	4	memory	6	4	1	0
sub-23	4	memory	7	1	1	1
sub-23	4	memory	8	1	1	1
sub-23	4	memory	9	1	1	1
sub-23	4	memory	10	1	1	1
sub-23	4	memory	11	3	1	0
sub-23	4	memory	12	1	1	1
sub-23	5	domain	1	1	1	1
sub-23	5	domain	2	1	1	1
sub-23	5	domain	3	4	1	0
sub-23	5	domain	4	1	1	1
sub-23	5	domain	5	1	1	1
sub-23	5	domain	6	2	1	0
sub-23	5	domain	7	2	1	0
sub-23	5	domain	8	2	1	0
sub-23	5	memory	1	1	1	1
sub-23	5	memory	2	1	1	1
sub-23	5	memory	3	1	1	1
sub-23	5	memory	4	1	1	1
sub-23	5	memory	5	1	1	1
sub-23	5	memory	6	1	1	1
sub-23	5	memory	7	1	1	1
sub-23	5	memory	8	1	1	1
sub-23	5	memory	9	1	1	1
sub-23	5	memory	10	1	1	1
sub-23	5	memory	11	1	1	1
sub-23	5	memory	12	1	1	1
sub-24	1	domain	1	1	1	1
sub-24	1	domain	2	1	1	1
sub-24	1	domain	3	1	1	1
sub-24	1	domain	4	4	1	0
sub-24	1	domain	5	1	1	1
sub-24	1	domain	6	1	1	1
sub-24	1	domain	7	1	1	1
sub-24	1	domain	8	1	1	1
sub-24	1	domain	9	1	1	1
sub-24	1	domain	10	3	1	0
sub-24	1	domain	11	1	1	1
sub-24	1	memory	1	1	1	1
sub-24	1	memory	2	1	1	1
sub-24	1	memory	3	2	1	0
sub-24	1	memory	4	1	1	1
sub-24	1	memory	5	1	1	1
sub-24	1	memory	6	1	1	1
sub-24	1	memory	7	1	1	1
sub-24	1	memory	8	1	1	1
sub-24	1	memory	9	1	1	1
sub-24	1	memory	10	1	1	1
sub-24	1	memory	11	2	1	0
sub-24	1	memory	12	1	1	1
sub-24	2	domain	1	1	1	1
sub-24	2	domain	2	1	1	1
sub-24	2	domain	3	1	1	1
sub-24	2	domain	4	3	1	0
sub-24	2	domain	5	1	1	1
sub-24	2	domain	6	1	1	1
sub-24	2	domain	7	1	1	1
sub-24	2	domain	8	1	1	1
sub-24	2	domain	9	4	1	0
sub-24	2	domain	10	3	1	0
sub-24	2	memory	1	1	1	1
sub-24	2	memory	2	1	1	1
sub-24	2	memory	3	2	1	0
sub-24	2	memory	4	2	1	0
sub-24	2	memory	5	1	1	1
sub-24	2	memory	6	1	1	1
sub-24	2	memory	7	2	1	0
sub-24	2	memory	8	1	1	1
sub-24	2	memory	9	1	1	1
sub-24	2	memory	10	4	1	0
sub-24	2	memory	11	1	1	1
sub-24	3	domain	1	3	1	0
sub-24	3	domain	2	1	1	1
sub-24	3	domain	3	4	1	0
sub-24	3	domain	4	1	1	1
sub-24	3	domain	5	2	1	0
sub-24	3	domain	6	1	1	1
sub-24	3	domain	7	4	1	0
sub-24	3	domain	8	1	1	1
sub-24	3	domain	9	1	1	1
sub-24	3	memory	1	1	1	1
sub-24	3	memory	2	1	1	1
sub-24	3	memory	3	3	1	0
sub-24	3	memory	4	1	1	1
sub-24	3	memory	5	2	1	0
sub-24	3	memory	6	1	1	1
sub-24	3	memory	7	4	1	0
sub-24	3	memory	8	4	1	0
sub-24	3	memory	9	1	1	1
sub-24	3	memory	10	2	1	0
sub-24	3	memory	11	1	1	1
sub-24	3	memory	12	1	1	1
sub-24	4	domain	1	3	1	0
sub-24	4	domain	2	3	1	0
sub-24	4	domain	3	1	1	1
sub-24	4	domain	4	1	1	1
sub-24	4	domain	5	3	1	0
sub-24	4	domain	6	1	1	1
sub-24	4	domain	7	1	1	1
sub-24	4	domain	8	1	1	1
sub-24	4	domain	9	1	1	1
sub-24	4	memory	1	1	1	1
sub-24	4	memory	2	1	1	1
sub-24	4	memory	3	1	1	1
sub-24	4	memory	4	1	1	1
sub-24	4	memory	5	1	1	1
sub-24	4	memory	6	1	1	1
sub-24	4	memory	7	1	1	1
sub-24	4	memory	8	1	1	1
sub-24	4	memory	9	1	1	1
sub-24	4	memory	10	1	1	1
sub-24	4	memory	11	1	1	1
sub-24	4	memory	12	1	1	1
sub-24	5	domain	1	2	1	0
sub-24	5	domain	2	1	1	1
sub-24	5	domain	3	4	1	0
sub-24	5	domain	4	3	1	0
sub-24	5	domain	5	2	1	0
sub-24	5	domain	6	4	1	0
sub-24	5	domain	7	1	1	1
sub-24	5	domain	8	1	1	1
sub-24	5	memory	1	1	1	1
sub-24	5	memory	2	1	1	1
sub-24	5	memory	3	1	1	1
sub-24	5	memory	4	1	1	1
sub-24	5	memory	5	1	1	1
sub-24	5	memory	6	1	1	1
sub-24	5	memory	7	3	1	0
sub-24	5	memory	8	4	1	0
sub-24	5	memory	9	1	1	1
sub-24	5	memory	10	1	1	1
sub-24	5	memory	11	1	1	1
sub-24	5	memory	12	1	1	1
sub-25	1	domain	1	4	1	0
sub-25	1	domain	2	1	1	1
sub-25	1	domain	3	1	1	1
sub-25	1	domain	4	4	1	0
sub-25	1	domain	5	1	1	1
sub-25	1	domain	6	1	1	1
sub-25	1	domain	7	4	1	0
sub-25	1	domain	8	4	1	0
sub-25	1	domain	9	1	1	1
sub-25	1	domain	10	1	1	1
sub-25	1	domain	11	1	1	1
sub-25	1	memory	1	3	1	0
sub-25	1	memory	2	1	1	1
sub-25	1	memory	3	1	1	1
sub-25	1	memory	4	1	1	1
sub-25	1	memory	5	3	1	0
sub-25	1	memory	6	1	1	1
sub-25	1	memory	7	1	1	1
sub-25	1	memory	8	1	1	1
sub-25	1	memory	9	1	1	1
sub-25	1	memory	10	1	1	1
sub-25	1	memory	11	3	1	0
sub-25	1	memory	12	1	1	1
sub-25	2	domain	1	1	1	1
sub-25	2	domain	2	3	1	0
sub-25	2	domain	3	1	1	1
sub-25	2	domain	4	2	1	0
sub-25	2	domain	5	1	1	1
sub-25	2	domain	6	4	1	0
sub-25	2	domain	7	2	1	0
sub-25	2	domain	8	1	1	1
sub-25	2	domain	9	4	1	0
sub-25	2	domain	10	1	1	1
sub-25	2	memory	1	2	1	0
sub-25	2	memory	2	1	1	1
sub-25	2	memory	3	2	1	0
sub-25	2	memory	4	2	1	0
sub-25	2	memory	5	1	1	1
sub-25	2	memory	6	1	1	1
sub-25	2	memory	7	1	1	1
sub-25	2	memory	8	1	1	1
sub-25	2	memory	9	1	1	1
sub-25	2	memory	10	1	1	1
sub-25	2	memory	11	1	1	1
sub-25	3	domain	1	1	1	1
sub-25	3	domain	2	1	1	1
sub-25	3	domain	3	1	1	1
sub-25	3	domain	4	1	1	1
sub-25	3	domain	5	4	1	0
sub-25	3	domain	6	1	1	1
sub-25	3	domain	7	4	1	0
sub-25	3	domain	8	1	1	1
sub-25	3	domain	9	4	1	0
sub-25	3	memory	1	3	1	0
sub-25	3	memory	2	1	1	1
sub-25	3	memory	3	1	1	1
sub-25	3	memory	4	1	1	1
sub-25	3	memory	5	1	1	1
sub-25	3	memory	6	1	1	1
sub-25	3	memory	7	3	1	0
sub-25	3	memory	8	1	1	1
sub-25	3	memory	9	1	1	1
sub-25	3	memory	10	1	1	1
sub-25	3	memory	11	1	1	1
sub-25	3	memory	12	3	1	0
sub-25	4	domain	1	1	1	1
sub-25	4	domain	2	1	1	1
sub-25	4	domain	3	1	1	1
sub-25	4	domain	4	4	1	0
sub-25	4	domain	5	1	1	1
sub-25	4	domain	6	1	1	1
sub-25	4	domain	7	1	1	1
sub-25	4	domain	8	1	1	1
sub-25	4	domain	9	1	1	1
sub-25	4	memory	1	4	1	0
sub-25	4	memory	2	1	1	1
sub-25	4	memory	3	1	1	1
sub-25	4	memory	4	4	1	0
sub-25	4	memory	5	1	1	1
sub-25	4	memory	6	1	1	1
sub-25	4	memory	7	1	1	1
sub-25	4	memory	8	3	1	0
sub-25	4	memory	9	2	1	0
sub-25	4	memory	10	1	1	1
sub-25	4	memory	11	1	1	1
sub-25	4	memory	12	1	1	1
sub-25	5	domain	1	1	1	1
sub-25	5	domain	2	2	1	0
sub-25	5	domain	3	1	1	1
sub-25	5	domain	4	1	1	1
sub-25	5	domain	5	4	1	0
sub-25	5	domain	6	1	1	1
sub-25	5	domain	7	2	1	0
sub-25	5	domain	8	1	1	1
sub-25	5	memory	1	1	1	1
sub-25	5	memory	2	1	1	1
sub-25	5	memory	3	1	1	1
sub-25	5	memory	4	4	1	0
sub-25	5	memory	5	1	1	1
sub-25	5	memory	6	2	1	0
sub-25	5	memory	7	1	1	1
sub-25	5	memory	8	1	1	1
sub-25	5	memory	9	1	1	1
sub-25	5	memory	10	1	1	1
sub-25	5	memory	11	4	1	0
sub-25	5	memory	12	1	1	1
sub-26	1	domain	1	2	1	0
sub-26	1	domain	2	2	1	0
sub-26	1	domain	3	1	1	1
sub-26	1	domain	4	1	1	1
sub-26	1	domain	5	1	1	1
sub-26	1	domain	6	1	1	1
sub-26	1	domain	7	3	1	0
sub-26	1	domain	8	4	1	0
sub-26	1	domain	9	4	1	0
sub-26	1	domain	10	2	1	0
sub-26	1	domain	11	1	1	1
sub-26	1	memory	1	4	1	0
sub-26	1	memory	2	2	1	0
sub-26	1	memory	3	1	1	1
sub-26	1	memory	4	1	1	1
sub-26	1	memory	5	3	1	0
sub-26	1	memory	6	4	1	0
sub-26	1	memory	7	4	1	0
sub-26	1	memory	8	4	1	0
sub-26	1	memory	9	1	1	1
sub-26	1	memory	10	4	1	0
sub-26	1	memory	11	3	1	0
sub-26	1	memory	12	2	1	0
sub-26	2	domain	1	1	1	1
sub-26	2	domain	2	4	1	0
sub-26	2	domain	3	4	1	0
sub-26	2	domain	4	3	1	0
sub-26	2	domain	5	3	1	0
sub-26	2	domain	6	3	1	0
sub-26	2	domain	7	2	1	0
sub-26	2	domain	8	3	1	0
sub-26	2	domain	9	1	1	1
sub-26	2	domain	10	4	1	0
sub-26	2	memory	1	2	1	0
sub-26	2	memory	2	3	1	0
sub-26	2	memory	3	2	1	0
sub-26	2	memory	4	4	1	0
sub-26	2	memory	5	4	1	0
sub-26	2	memory	6	4	1	0
sub-26	2	memory	7	1	1	1
sub-26	2	memory	8	4	1	0
sub-26	2	memory	9	3	1	0
sub-26	2	memory	10	4	1	0
sub-26	2	memory	11	1	1	1
sub-26	3	domain	1	4	1	0
sub-26	3	domain	2	1	1	1
sub-26	3	domain	3	4	1	0
sub-26	3	domain	4	1	1	1
sub-26	3	domain	5	4	1	0
sub-26	3	domain	6	1	1	1
sub-26	3	domain	7	4	1	0
sub-26	3	domain	8	2	1	0
sub-26	3	domain	9	1	1	1
sub-26	3	memory	1	3	1	0
sub-26	3	memory	2	3	1	0
sub-26	3	memory	3	2	1	0
sub-26	3	memory	4	4	1	0
sub-26	3	memory	5	4	1	0
sub-26	3	memory	6	2	1	0
sub-26	3	memory	7	4	1	0
sub-26	3	memory	8	4	1	0
sub-26	3	memory	9	4	1	0
sub-26	3	memory	10	4	1	0
sub-26	3	memory	11	3	1	0
sub-26	3	memory	12	2	1	0
sub-26	4	domain	1	3	1	0
sub-26	4	domain	2	1	1	1
sub-26	4	domain	3	3	1	0
sub-26	4	domain	4	2	1	0
sub-26	4	domain	5	2	1	0
sub-26	4	domain	6	3	1	0
sub-26	4	domain	7	2	1	0
sub-26	4	domain	8	3	1	0
sub-26	4	domain	9	3	1	0
sub-26	4	memory	1	3	1	0
sub-26	4	memory	2	2	1	0
sub-26	4	memory	3	4	1	0
sub-26	4	memory	4	4	1	0
sub-26	4	memory	5	1	1	1
sub-26	4	memory	6	2	1	0
sub-26	4	memory	7	1	1	1
sub-26	4	memory	8	2	1	0
sub-26	4	memory	9	2	1	0
sub-26	4	memory	10	3	1	0
sub-26	4	memory	11	3	1	0
sub-26	4	memory	12	3	1	0
sub-26	5	domain	1	4	1	0
sub-26	5	domain	2	2	1	0
sub-26	5	domain	3	1	1	1
sub-26	5	domain	4	1	1	1
sub-26	5	domain	5	2	1	0
sub-26	5	domain	6	4	1	0
sub-26	5	domain	7	2	1	0
sub-26	5	domain	8	1	1	1
sub-26	5	memory	1	1	1	1
sub-26	5	memory	2	4	1	0
sub-26	5	memory	3	2	1	0
sub-26	5	memory	4	1	1	1
sub-26	5	memory	5	1	1	1
sub-26	5	memory	6	1	1	1
sub-26	5	memory	7	1	1	1
sub-26	5	memory	8	4	1	0
sub-26	5	memory	9	4	1	0
sub-26	5	memory	10	3	1	0
sub-26	5	memory	11	3	1	0
sub-26	5	memory	12	2	1	0
sub-27	1	domain	1	3	1	0
sub-27	1	domain	2	3	1	0
sub-27	1	domain	3	1	1	1
sub-27	1	domain	4	3	1	0
sub-27	1	domain	5	2	1	0
sub-27	1	domain	6	3	1	0
sub-27	1	domain	7	4	1	0
sub-27	1	domain	8	3	1	0
sub-27	1	domain	9	3	1	0
sub-27	1	domain	10	1	1	1
sub-27	1	domain	11	1	1	1
sub-27	1	memory	1	3	1	0
sub-27	1	memory	2	3	1	0
sub-27	1	memory	3	3	1	0
sub-27	1	memory	4	4	1	0
sub-27	1	memory	5	3	1	0
sub-27	1	memory	6	4	1	0
sub-27	1	memory	7	1	1	1
sub-27	1	memory	8	4	1	0
sub-27	1	memory	9	1	1	1
sub-27	1	memory	10	2	1	0
sub-27	1	memory	11	1	1	1
sub-27	1	memory	12	3	1	0
sub-27	2	domain	1	1	1	1
sub-27	2	domain	2	4	1	0
sub-27	2	domain	3	2	1	0
sub-27	2	domain	4	4	1	0
sub-27	2	domain	5	1	1	1
sub-27	2	domain	6	1	1	1
sub-27	2	domain	7	1	1	1
sub-27	2	domain	8	1	1	1
sub-27	2	domain	9	1	1	1
sub-27	2	domain	10	2	1	0
sub-27	2	memory	1	4	1	0
sub-27	2	memory	2	3	1	0
sub-27	2	memory	3	4	1	0
sub-27	2	memory	4	2	1	0
sub-27	2	memory	5	3	1	0
sub-27	2	memory	6	3	1	0
sub-27	2	memory	7	1	1	1
sub-27	2	memory	8	2	1	0
sub-27	2	memory	9	1	1	1
sub-27	2	memory	10	1	1	1
sub-27	2	memory	11	3	1	0
sub-27	3	domain	1	2	1	0
sub-27	3	domain	2	4	1	0
sub-27	3	domain	3	1	1	1
sub-27	3	domain	4	2	1	0
sub-27	3	domain	5	1	1	1
sub-27	3	domain	6	4	1	0
sub-27	3	domain	7	3	1	0
sub-27	3	domain	8	2	1	0
sub-27	3	domain	9	2	1	0
sub-27	3	memory	1	4	1	0
sub-27	3	memory	2	2	1	0
sub-27	3	memory	3	1	1	1
sub-27	3	memory	4	4	1	0
sub-27	3	memory	5	3	1	0
sub-27	3	memory	6	4	1	0
sub-27	3	memory	7	4	1	0
sub-27	3	memory	8	1	1	1
sub-27	3	memory	9	2	1	0
sub-27	3	memory	10	1	1	1
sub-27	3	memory	11	4	1	0
sub-27	3	memory	12	1	1	1
sub-27	4	domain	1	3	1	0
sub-27	4	domain	2	3	1	0
sub-27	4	domain	3	2	1	0
sub-27	4	domain	4	4	1	0
sub-27	4	domain	5	4	1	0
sub-27	4	domain	6	2	1	0
sub-27	4	domain	7	1	1	1
sub-27	4	domain	8	2	1	0
sub-27	4	domain	9	4	1	0
sub-27	4	memory	1	2	1	0
sub-27	4	memory	2	4	1	0
sub-27	4	memory	3	2	1	0
sub-27	4	memory	4	4	1	0
sub-27	4	memory	5	3	1	0
sub-27	4	memory	6	2	1	0
sub-27	4	memory	7	1	1	1
sub-27	4	memory	8	3	1	0
sub-27	4	memory	9	2	1	0
sub-27	4	memory	10	4	1	0
sub-27	4	memory	11	1	1	1
sub-27	4	memory	12	3	1	0
sub-27	5	domain	1	4	1	0
sub-27	5	domain	2	1	1	1
sub-27	5	domain	3	2	1	0
sub-27	5	domain	4	2	1	0
sub-27	5	domain	5	1	1	1
sub-27	5	domain	6	3	1	0
sub-27	5	domain	7	1	1	1
sub-27	5	domain	8	4	1	0
sub-27	5	memory	1	1	1	1
sub-27	5	memory	2	2	1	0
sub-27	5	memory	3	2	1	0
sub-27	5	memory	4	3	1	0
sub-27	5	memory	5	3	1	0
sub-27	5	memory	6	3	1	0
sub-27	5	memory	7	2	1	0
sub-27	5	memory	8	1	1	1
sub-27	5	memory	9	3	1	0
sub-27	5	memory	10	4	1	0
sub-27	5	memory	11	2	1	0
sub-27	5	memory	12	3	1	0
sub-28	1	domain	1	1	1	1
sub-28	1	domain	2	4	1	0
sub-28	1	domain	3	1	1	1
sub-28	1	domain	4	4	1	0
sub-28	1	domain	5	1	1	1
sub-28	1	domain	6	2	1	0
sub-28	1	domain	7	1	1	1
sub-28	1	domain	8	1	1	1
sub-28	1	domain	9	2	1	0
sub-28	1	domain	10	1	1	1
sub-28	1	domain	11	4	1	0
sub-28	1	memory	1	1	1	1
sub-28	1	memory	2	1	1	1
sub-28	1	memory	3	2	1	0
sub-28	1	memory	4	1	1	1
sub-28	1	memory	5	2	1	0
sub-28	1	memory	6	3	1	0
sub-28	1	memory	7	1	1	1
sub-28	1	memory	8	1	1	1
sub-28	1	memory	9	1	1	1
sub-28	1	memory	10	1	1	1
sub-28	1	memory	11	1	1	1
sub-28	1	memory	12	2	1	0
sub-28	2	domain	1	2	1	0
sub-28	2	domain	2	1	1	1
sub-28	2	domain	3	1	1	1
sub-28	2	domain	4	4	1	0
sub-28	2	domain	5	1	1	1
sub-28	2	domain	6	4	1	0
sub-28	2	domain	7	3	1	0
sub-28	2	domain	8	1	1	1
sub-28	2	domain	9	3	1	0
sub-28	2	domain	10	4	1	0
sub-28	2	memory	1	2	1	0
sub-28	2	memory	2	4	1	0
sub-28	2	memory	3	1	1	1
sub-28	2	memory	4	4	1	0
sub-28	2	memory	5	3	1	0
sub-28	2	memory	6	3	1	0
sub-28	2	memory	7	1	1	1
sub-28	2	memory	8	4	1	0
sub-28	2	memory	9	2	1	0
sub-28	2	memory	10	1	1	1
sub-28	2	memory	11	4	1	0
sub-28	3	domain	1	1	1	1
sub-28	3	domain	2	1	1	1
sub-28	3	domain	3	4	1	0
sub-28	3	domain	4	1	1	1
sub-28	3	domain	5	1	1	1
sub-28	3	domain	6	1	1	1
sub-28	3	domain	7	4	1	0
sub-28	3	domain	8	4	1	0
sub-28	3	domain	9	1	1	1
sub-28	3	memory	1	1	1	1
sub-28	3	memory	2	4	1	0
sub-28	3	memory	3	1	1	1
sub-28	3	memory	4	3	1	0
sub-28	3	memory	5	2	1	0
sub-28	3	memory	6	2	1	0
sub-28	3	memory	7	1	1	1
sub-28	3	memory	8	4	1	0
sub-28	3	memory	9	3	1	0
sub-28	3	memory	10	4	1	0
sub-28	3	memory	11	1	1	1
sub-28	3	memory	12	1	1	1
sub-28	4	domain	1	1	1	1
sub-28	4	domain	2	1	1	1
sub-28	4	domain	3	1	1	1
sub-28	4	domain	4	1	1	1
sub-28	4	domain	5	3	1	0
sub-28	4	domain	6	2	1	0
sub-28	4	domain	7	4	1	0
sub-28	4	domain	8	1	1	1
sub-28	4	domain	9	4	1	0
sub-28	4	memory	1	1	1	1
sub-28	4	memory	2	1	1	1
sub-28	4	memory	3	4	1	0
sub-28	4	memory	4	1	1	1
sub-28	4	memory	5	3	1	0
sub-28	4	memory	6	1	1	1
sub-28	4	memory	7	2	1	0
sub-28	4	memory	8	1	1	1
sub-28	4	memory	9	1	1	1
sub-28	4	memory	10	2	1	0
sub-28	4	memory	11	1	1	1
sub-28	4	memory	12	1	1	1
sub-28	5	domain	1	4	1	0
sub-28	5	domain	2	1	1	1
sub-28	5	domain	3	1	1	1
sub-28	5	domain	4	3	1	0
sub-28	5	domain	5	3	1	0
sub-28	5	domain	6	1	1	1
sub-28	5	domain	7	3	1	0
sub-28	5	domain	8	2	1	0
sub-28	5	memory	1	3	1	0
sub-28	5	memory	2	1	1	1
sub-28	5	memory	3	1	1	1
sub-28	5	memory	4	4	1	0
sub-28	5	memory	5	1	1	1
sub-28	5	memory	6	2	1	0
sub-28	5	memory	7	1	1	1
sub-28	5	memory	8	3	1	0
sub-28	5	memory	9	2	1	0
sub-28	5	memory	10	4	1	0
sub-28	5	memory	11	1	1	1
sub-28	5	memory	12	1	1	1
sub-29	1	domain	1	4	1	0
sub-29	1	domain	2	4	1	0
sub-29	1	domain	3	1	1	1
sub-29	1	domain	4	1	1	1
sub-29	1	domain	5	4	1	0
sub-29	1	domain	6	1	1	1
sub-29	1	domain	7	2	1	0
sub-29	1	domain	8	3	1	0
sub-29	1	domain	9	4	1	0
sub-29	1	domain	10	4	1	0
sub-29	1	domain	11	4	1	0
sub-29	1	memory	1	3	1	0
sub-29	1	memory	2	2	1	0
sub-29	1	memory	3	4	1	0
sub-29	1	memory	4	4	1	0
sub-29	1	memory	5	1	1	1
sub-29	1	memory	6	1	1	1
sub-29	1	memory	7	3	1	0
sub-29	1	memory	8	2	1	0
sub-29	1	memory	9	1	1	1
sub-29	1	memory	10	2	1	0
sub-29	1	memory	11	1	1	1
sub-29	1	memory	12	1	1	1
sub-29	2	domain	1	3	1	0
sub-29	2	domain	2	2	1	0
sub-29	2	domain	3	1	1	1
sub-29	2	domain	4	2	1	0
sub-29	2	domain	5	1	1	1
sub-29	2	domain	6	3	1	0
sub-29	2	domain	7	4	1	0
sub-29	2	domain	8	1	1	1
sub-29	2	domain	9	1	1	1
sub-29	2	domain	10	4	1	0
sub-29	2	memory	1	2	1	0
sub-29	2	memory	2	1	1	1
sub-29	2	memory	3	1	1	1
sub-29	2	memory	4	1	1	1
sub-29	2	memory	5	1	1	1
sub-29	2	memory	6	4	1	0
sub-29	2	memory	7	1	1	1
sub-29	2	memory	8	1	1	1
sub-29	2	memory	9	4	1	0
sub-29	2	memory	10	4	1	0
sub-29	2	memory	11	1	1	1
sub-29	3	domain	1	4	1	0
sub-29	3	domain	2	4	1	0
sub-29	3	domain	3	1	1	1
sub-29	3	domain	4	1	1	1
sub-29	3	domain	5	1	1	1
sub-29	3	domain	6	1	1	1
sub-29	3	domain	7	1	1	1
sub-29	3	domain	8	1	1	1
sub-29	3	domain	9	1	1	1
sub-29	3	memory	1	4	1	0
sub-29	3	memory	2	1	1	1
sub-29	3	memory	3	2	1	0
sub-29	3	memory	4	2	1	0
sub-29	3	memory	5	1	1	1
sub-29	3	memory	6	4	1	0
sub-29	3	memory	7	1	1	1
sub-29	3	memory	8	2	1	0
sub-29	3	memory	9	1	1	1
sub-29	3	memory	10	4	1	0
sub-29	3	memory	11	1	1	1
sub-29	3	memory	12	1	1	1
sub-29	4	domain	1	2	1	0
sub-29	4	domain	2	4	1	0
sub-29	4	domain	3	1	1	1
sub-29	4	domain	4	2	1	0
sub-29	4	domain	5	1	1	1
sub-29	4	domain	6	1	1	1
sub-29	4	domain	7	2	1	0
sub-29	4	domain	8	2	1	0
sub-29	4	domain	9	1	1	1
sub-29	4	memory	1	1	1	1
sub-29	4	memory	2	3	1	0
sub-29	4	memory	3	3	1	0
sub-29	4	memory	4	1	1	1
sub-29	4	memory	5	1	1	1
sub-29	4	memory	6	4	1	0
sub-29	4	memory	7	4	1	0
sub-29	4	memory	8	4	1	0
sub-29	4	memory	9	1	1	1
sub-29	4	memory	10	1	1	1
sub-29	4	memory	11	1	1	1
sub-29	4	memory	12	1	1	1
sub-29	5	domain	1	1	1	1
sub-29	5	domain	2	1	1	1
sub-29	5	domain	3	1	1	1
sub-29	5	domain	4	2	1	0
sub-29	5	domain	5	1	1	1
sub-29	5	domain	6	4	1	0
sub-29	5	domain	7	3	1	0
sub-29	5	domain	8	2	1	0
sub-29	5	memory	1	1	1	1
sub-29	5	memory	2	1	1	1
sub-29	5	memory	3	1	1	1
sub-29	5	memory	4	4	1	0
sub-29	5	memory	5	1	1	1
sub-29	5	memory	6	4	1	0
sub-29	5	memory	7	1	1	1
sub-29	5	memory	8	1	1	1
sub-29	5	memory	9	1	1	1
sub-29	5	memory	10	1	1	1
sub-29	5	memory	11	1	1	1
sub-29	5	memory	12	4	1	0
sub-30	1	domain	1	3	1	0
sub-30	1	domain	2	1	1	1
sub-30	1	domain	3	1	1	1
sub-30	1	domain	4	1	1	1
sub-30	1	domain	5	1	1	1
sub-30	1	domain	6	3	1	0
sub-30	1	domain	7	3	1	0
sub-30	1	domain	8	3	1	0
sub-30	1	domain	9	4	1	0
sub-30	1	domain	10	1	1	1
sub-30	1	domain	11	2	1	0
sub-30	1	memory	1	1	1	1
sub-30	1	memory	2	4	1	0
sub-30	1	memory	3	4	1	0
sub-30	1	memory	4	3	1	0
sub-30	1	memory	5	1	1	1
sub-30	1	memory	6	1	1	1
sub-30	1	memory	7	2	1	0
sub-30	1	memory	8	3	1	0
sub-30	1	memory	9	1	1	1
sub-30	1	memory	10	1	1	1
sub-30	1	memory	11	3	1	0
sub-30	1	memory	12	1	1	1
sub-30	2	domain	1	3	1	0
sub-30	2	domain	2	1	1	1
sub-30	2	domain	3	1	1	1
sub-30	2	domain	4	3	1	0
sub-30	2	domain	5	2	1	0
sub-30	2	domain	6	1	1	1
sub-30	2	domain	7	3	1	0
sub-30	2	domain	8	2	1	0
sub-30	2	domain	9	4	1	0
sub-30	2	domain	10	3	1	0
sub-30	2	memory	1	1	1	1
sub-30	2	memory	2	3	1	0
sub-30	2	memory	3	1	1	1
sub-30	2	memory	4	2	1	0
sub-30	2	memory	5	3	1	0
sub-30	2	memory	6	3	1	0
sub-30	2	memory	7	4	1	0
sub-30	2	memory	8	1	1	1
sub-30	2	memory	9	1	1	1
sub-30	2	memory	10	3	1	0
sub-30	2	memory	11	4	1	0
sub-30	3	domain	1	1	1	1
sub-30	3	domain	2	1	1	1
sub-30	3	domain	3	1	1	1
sub-30	3	domain	4	2	1	0
sub-30	3	domain	5	2	1	0
sub-30	3	domain	6	1	1	1
sub-30	3	domain	7	4	1	0
sub-30	3	domain	8	4	1	0
sub-30	3	domain	9	1	1	1
sub-30	3	memory	1	3	1	0
sub-30	3	memory	2	3	1	0
sub-30	3	memory	3	3	1	0
sub-30	3	memory	4	2	1	0
sub-30	3	memory	5	1	1	1
sub-30	3	memory	6	2	1	0
sub-30	3	memory	7	3	1	0
sub-30	3	memory	8	1	1	1
sub-30	3	memory	9	1	1	1
sub-30	3	memory	10	2	1	0
sub-30	3	memory	11	3	1	0
sub-30	3	memory	12	2	1	0
sub-30	4	domain	1	4	1	0
sub-30	4	domain	2	3	1	0
sub-30	4	domain	3	4	1	0
sub-30	4	domain	4	1	1	1
sub-30	4	domain	5	2	1	0
sub-30	4	domain	6	3	1	0
sub-30	4	domain	7	4	1	0
sub-30	4	domain	8	1	1	1
sub-30	4	domain	9	3	1	0
sub-30	4	memory	1	2	1	0
sub-30	4	memory	2	4	1	0
sub-30	4	memory	3	4	1	0
sub-30	4	memory	4	1	1	1
sub-30	4	memory	5	1	1	1
sub-30	4	memory	6	4	1	0
sub-30	4	memory	7	1	1	1
sub-30	4	memory	8	4	1	0
sub-30	4	memory	9	1	1	1
sub-30	4	memory	10	1	1	1
sub-30	4	memory	11	4	1	0
sub-30	4	memory	12	3	1	0
sub-30	5	domain	1	4	1	0
sub-30	5	domain	2	1	1	1
sub-30	5	domain	3	2	1	0
sub-30	5	domain	4	4	1	0
sub-30	5	domain	5	3	1	0
sub-30	5	domain	6	3	1	0
sub-30	5	domain	7	3	1	0
sub-30	5	domain	8	4	1	0
sub-30	5	memory	1	1	1	1
sub-30	5	memory	2	1	1	1
sub-30	5	memory	3	1	1	1
sub-30	5	memory	4	1	1	1
sub-30	5	memory	5	4	1	0
sub-30	5	memory	6	1	1	1
sub-30	5	memory	7	1	1	1
sub-30	5	memory	8	4	1	0
sub-30	5	memory	9	2	1	0
sub-30	5	memory	10	2	1	0
sub-30	5	memory	11	1	1	1
sub-30	5	memory	12	2	1	0
sub-31	1	domain	1	4	1	0
sub-31	1	domain	2	1	1	1
sub-31	1	domain	3	1	1	1
sub-31	1	domain	4	4	1	0
sub-31	1	domain	5	4	1	0
sub-31	1	domain	6	1	1	1
sub-31	1	domain	7	4	1	0
sub-31	1	domain	8	1	1	1
sub-31	1	domain	9	4	1	0
sub-31	1	domain	10	4	1	0
sub-31	1	domain	11	2	1	0
sub-31	1	memory	1	4	1	0
sub-31	1	memory	2	4	1	0
sub-31	1	memory	3	3	1	0
sub-31	1	memory	4	3	1	0
sub-31	1	memory	5	1	1	1
sub-31	1	memory	6	3	1	0
sub-31	1	memory	7	2	1	0
sub-31	1	memory	8	2	1	0
sub-31	1	memory	9	1	1	1
sub-31	1	memory	10	2	1	0
sub-31	1	memory	11	4	1	0
sub-31	1	memory	12	4	1	0
sub-31	2	domain	1	1	1	1
sub-31	2	domain	2	2	1	0
sub-31	2	domain	3	4	1	0
sub-31	2	domain	4	1	1	1
sub-31	2	domain	5	1	1	1
sub-31	2	domain	6	3	1	0
sub-31	2	domain	7	1	1	1
sub-31	2	domain	8	3	1	0
sub-31	2	domain	9	1	1	1
sub-31	2	domain	10	1	1	1
sub-31	2	memory	1	1	1	1
sub-31	2	memory	2	4	1	0
sub-31	2	memory	3	2	1	0
sub-31	2	memory	4	4	1	0
sub-31	2	memory	5	4	1	0
sub-31	2	memory	6	2	1	0
sub-31	2	memory	7	2	1	0
sub-31	2	memory	8	2	1	0
sub-31	2	memory	9	4	1	0
sub-31	2	memory	10	2	1	0
sub-31	2	memory	11	1	1	1
sub-31	3	domain	1	2	1	0
sub-31	3	domain	2	4	1	0
sub-31	3	domain	3	2	1	0
sub-31	3	domain	4	1	1	1
sub-31	3	domain	5	1	1	1
sub-31	3	domain	6	4	1	0
sub-31	3	domain	7	3	1	0
sub-31	3	domain	8	1	1	1
sub-31	3	domain	9	3	1	0
sub-31	3	memory	1	1	1	1
sub-31	3	memory	2	1	1	1
sub-31	3	memory	3	1	1	1
sub-31	3	memory	4	4	1	0
sub-31	3	memory	5	2	1	0
sub-31	3	memory	6	2	1	0
sub-31	3	memory	7	4	1	0
sub-31	3	memory	8	4	1	0
sub-31	3	memory	9	2	1	0
sub-31	3	memory	10	1	1	1
sub-31	3	memory	11	4	1	0
sub-31	3	memory	12	1	1	1
sub-31	4	domain	1	1	1	1
sub-31	4	domain	2	4	1	0
sub-31	4	domain	3	3	1	0
sub-31	4	domain	4	1	1	1
sub-31	4	domain	5	2	1	0
sub-31	4	domain	6	1	1	1
sub-31	4	domain	7	1	1	1
sub-31	4	domain	8	3	1	0
sub-31	4	domain	9	1	1	1
sub-31	4	memory	1	2	1	0
sub-31	4	memory	2	3	1	0
sub-31	4	memory	3	4	1	0
sub-31	4	memory	4	4	1	0
sub-31	4	memory	5	3	1	0
sub-31	4	memory	6	1	1	1
sub-31	4	memory	7	1	1	1
sub-31	4	memory	8	1	1	1
sub-31	4	memory	9	4	1	0
sub-31	4	memory	10	3	1	0
sub-31	4	memory	11	1	1	1
sub-31	4	memory	12	1	1	1
sub-31	5	domain	1	1	1	1
sub-31	5	domain	2	1	1	1
sub-31	5	domain	3	4	1	0
sub-31	5	domain	4	4	1	0
sub-31	5	domain	5	2	1	0
sub-31	5	domain	6	1	1	1
sub-31	5	domain	7	1	1	1
sub-31	5	domain	8	1	1	1
sub-31	5	memory	1	3	1	0
sub-31	5	memory	2	1	1	1
sub-31	5	memory	3	1	1	1
sub-31	5	memory	4	2	1	0
sub-31	5	memory	5	1	1	1
sub-31	5	memory	6	4	1	0
sub-31	5	memory	7	4	1	0
sub-31	5	memory	8	1	1	1
sub-31	5	memory	9	1	1	1
sub-31	5	memory	10	1	1	1
sub-31	5	memory	11	1	1	1
sub-31	5	memory	12	1	1	1
sub-99	1	domain	1	1	1	1
sub-99	1	domain	2	3	1	0
sub-99	1	domain	3	4	1	0
sub-99	1	domain	4	2	1	0
sub-99	1	domain	5	3	1	0
sub-99	1	domain	6	2	1	0
sub-99	1	domain	7	3	1	0
sub-99	1	domain	8	4	1	0
sub-99	1	domain	9	1	1	1
sub-99	1	domain	10	1	1	1
sub-99	1	domain	11	1	1	1
sub-99	1	memory	1	1	1	1
sub-99	1	memory	2	4	1	0
sub-99	1	memory	3	1	1	1
sub-99	1	memory	4	1	1	1
sub-99	1	memory	5	1	1	1
sub-99	1	memory	6	4	1	0
sub-99	1	memory	7	2	1	0
sub-99	1	memory	8	3	1	0
sub-99	1	memory	9	2	1	0
sub-99	1	memory	10	4	1	0
sub-99	1	memory	11	3	1	0
sub-99	1	memory	12	2	1	0
sub-99	2	domain	1	1	1	1
sub-99	2	domain	2	1	1	1
sub-99	2	domain	3	4	1	0
sub-99	2	domain	4	1	1	1
sub-99	2	domain	5	3	1	0
sub-99	2	domain	6	4	1	0
sub-99	2	domain	7	3	1	0
sub-99	2	domain	8	3	1	0
sub-99	2	domain	9	2	1	0
sub-99	2	domain	10	1	1	1
sub-99	2	memory	1	3	1	0
sub-99	2	memory	2	4	1	0
sub-99	2	memory	3	3	1	0
sub-99	2	memory	4	4	1	0
sub-99	2	memory	5	2	1	0
sub-99	2	memory	6	4	1	0
sub-99	2	memory	7	1	1	1
sub-99	2	memory	8	3	1	0
sub-99	2	memory	9	3	1	0
sub-99	2	memory	10	2	1	0
sub-99	2	memory	11	4	1	0
sub-99	3	domain	1	2	1	0
sub-99	3	domain	2	2	1	0
sub-99	3	domain	3	1	1	1
sub-99	3	domain	4	3	1	0
sub-99	3	domain	5	2	1	0
sub-99	3	domain	6	4	1	0
sub-99	3	domain	7	3	1	0
sub-99	3	domain	8	1	1	1
sub-99	3	domain	9	4	1	0
sub-99	3	memory	1	3	1	0
sub-99	3	memory	2	3	1	0
sub-99	3	memory	3	2	1	0
sub-99	3	memory	4	4	1	0
sub-99	3	memory	5	4	1	0
sub-99	3	memory	6	2	1	0
sub-99	3	memory	7	2	1	0
sub-99	3	memory	8	4	1	0
sub-99	3	memory	9	1	1	1
sub-99	3	memory	10	4	1	0
sub-99	3	memory	11	3	1	0
sub-99	3	memory	12	3	1	0
sub-99	4	domain	1	3	1	0
sub-99	4	domain	2	2	1	0
sub-99	4	domain	3	2	1	0
sub-99	4	domain	4	2	1	0
sub-99	4	domain	5	2	1	0
sub-99	4	domain	6	3	1	0
sub-99	4	domain	7	1	1	1
sub-99	4	domain	8	4	1	0
sub-99	4	domain	9	3	1	0
sub-99	4	memory	1	3	1	0
sub-99	4	memory	2	3	1	0
sub-99	4	memory	3	1	1	1
sub-99	4	memory	4	4	1	0
sub-99	4	memory	5	1	1	1
sub-99	4	memory	6	1	1	1
sub-99	4	memory	7	3	1	0
sub-99	4	memory	8	4	1	0
sub-99	4	memory	9	1	1	1
sub-99	4	memory	10	3	1	0
sub-99	4	memory	11	2	1	0
sub-99	4	memory	12	1	1	1
sub-99	5	domain	1	2	1	0
sub-99	5	domain	2	1	1	1
sub-99	5	domain	3	4	1	0
sub-99	5	domain	4	1	1	1
sub-99	5	domain	5	1	1	1
sub-99	5	domain	6	2	1	0
sub-99	5	domain	7	1	1	1
sub-99	5	domain	8	3	1	0
sub-99	5	memory	1	4	1	0
sub-99	5	memory	2	3	1	0
sub-99	5	memory	3	3	1	0
sub-99	5	memory	4	1	1	1
sub-99	5	memory	5	1	1	1
sub-99	5	memory	6	3	1	0
sub-99	5	memory	7	1	1	1
sub-99	5	memory	8	3	1	0
sub-99	5	memory	9	2	1	0
sub-99	5	memory	10	1	1	1
sub-99	5	memory	11	1	1	1
sub-99	5	memory	12	1	1	1
